cluster,flowQuantity_delta
0,5.7817685
1,0.2791076984829001
2,672.7729999999999
