asset_id,utc_time,asset_name,asset_type,asset_space,stepIndex_delta,cycleIndex_delta,flowQuantity_delta,stream_temperature,flowTimeIndex_delta,msgcount,anomaly_iforest
2657,2025-02-01 10:12:25.457000+00:00,FW04-BA1-Fb,Faucet,Bathroom 1st floor - main,13621,0.0,9.081,1,59.75,1,1
2928,2025-02-01 10:13:13.270000+00:00,FW24-KT1-W,Laundry,Kitchen,15176,0.0,10.118,0,60.0,1,1
2928,2025-02-01 12:51:12.551000+00:00,FW24-KT1-W,Laundry,Kitchen,15172,0.0,10.115,0,59.75,1,1
3092,2025-02-01 09:20:51.485000+00:00,FW62-BA-F,Faucet,Bathroom,12435,1.0,8.29,1,46.75,1,1
3092,2025-02-01 09:40:51.383000+00:00,FW62-BA-F,Faucet,Bathroom,11508,1.0,7.672,1,39.5,1,1
2758,2025-02-01 09:52:18.881000+00:00,FW59-BA1-S,Shower,Shower,14147,0.0,9.432,1,60.0,1,1
2758,2025-02-01 09:53:18.832000+00:00,FW59-BA1-S,Shower,Shower,14243,0.0,9.495,1,60.25,1,1
2758,2025-02-01 09:54:18.832000+00:00,FW59-BA1-S,Shower,Shower,14306,0.0,9.537,1,59.75,1,1
2758,2025-02-01 09:55:18.872000+00:00,FW59-BA1-S,Shower,Shower,14037,0.0,9.358,1,60.25,1,1
2130,2025-02-01 10:48:15.917000+00:00,FW42-KT1-W,Laundry,Kitchen - utility room ,15340,0.0,10.227,0,53.5,1,1
2130,2025-02-01 10:57:15.887000+00:00,FW42-KT1-W,Laundry,Kitchen - utility room ,13252,1.0,8.834,0,44.0,1,1
2130,2025-02-01 10:58:15.865000+00:00,FW42-KT1-W,Laundry,Kitchen - utility room ,11908,0.0,7.939,0,41.5,1,1
2130,2025-02-01 11:07:15.818000+00:00,FW42-KT1-W,Laundry,Kitchen - utility room ,12468,1.0,8.312,0,41.75,1,1
2729,2025-02-01 13:49:39.132000+00:00,FW34-KT1-W,Laundry,Kitchen - utility room ,11819,0.0,7.88,0,59.75,1,1
2734,2025-02-01 09:51:17.828000+00:00,FW43-KT1-W,Laundry,Kitchen,11204,0.0,7.47,0,60.25,1,1
2734,2025-02-01 10:19:17.672000+00:00,FW43-KT1-W,Laundry,Kitchen,11321,0.0,7.547,0,60.25,1,1
2812,2025-02-01 16:28:40.217000+00:00,FW65-KT1-W,Laundry,Washing machine ,15206,0.0,10.137,0,51.0,1,1
3031,2025-02-01 08:26:50.961000+00:00,FW67-KT1-W,Laundry,Kitchen,11989,1.0,7.993,0,57.5,1,1
3031,2025-02-01 09:10:50.736000+00:00,FW67-KT1-W,Laundry,Kitchen,12320,0.0,8.213,0,60.0,1,1
3031,2025-02-01 09:16:50.701000+00:00,FW67-KT1-W,Laundry,Kitchen,11575,1.0,7.717,0,55.0,1,1
3031,2025-02-01 09:17:50.701000+00:00,FW67-KT1-W,Laundry,Kitchen,12835,0.0,8.557,0,60.0,1,1
3031,2025-02-01 22:20:46.759000+00:00,FW67-KT1-W,Laundry,Kitchen,11274,0.0,7.516,0,60.25,1,1
2829,2025-02-01 08:43:09.053000+00:00,FW81-KT1-W,Laundry,Kitchen - utility room ,11667,1.0,7.778,0,59.25,1,1
2829,2025-02-01 08:58:08.991000+00:00,FW81-KT1-W,Laundry,Kitchen - utility room ,12417,0.0,8.278,0,56.75,1,1
2829,2025-02-01 09:01:08.966000+00:00,FW81-KT1-W,Laundry,Kitchen - utility room ,12770,1.0,8.513,0,58.5,1,1
2829,2025-02-01 09:07:08.947000+00:00,FW81-KT1-W,Laundry,Kitchen - utility room ,14135,0.0,9.424,0,60.0,1,1
2829,2025-02-01 09:25:08.873000+00:00,FW81-KT1-W,Laundry,Kitchen - utility room ,11973,0.0,7.982,0,54.5,1,1
2829,2025-02-01 09:39:08.809000+00:00,FW81-KT1-W,Laundry,Kitchen - utility room ,13466,0.0,8.977,0,60.0,1,1
2829,2025-02-01 09:48:08.753000+00:00,FW81-KT1-W,Laundry,Kitchen - utility room ,14093,0.0,9.396,0,60.0,1,1
2731,2025-02-01 10:25:11.694000+00:00,FW56-KT-FK,Faucet,Kichen,11620,1.0,7.747,1,56.25,1,1
2731,2025-02-01 11:36:11.293000+00:00,FW56-KT-FK,Faucet,Kichen,12581,0.0,8.388,1,60.0,1,1
2731,2025-02-01 13:32:10.713000+00:00,FW56-KT-FK,Faucet,Kichen,11572,0.0,7.715,1,60.0,1,1
2731,2025-02-01 14:32:10.333000+00:00,FW56-KT-FK,Faucet,Kichen,11316,0.0,7.544,1,58.0,1,1
2731,2025-02-01 15:01:10.188000+00:00,FW56-KT-FK,Faucet,Kichen,11447,0.0,7.631,1,60.0,1,1
2135,2025-02-01 09:56:14.493000+00:00,FW26-BA1-T,WC,Bathroom 1st floor ,14578,1.0,9.718,0,47.25,1,1
3121,2025-02-01 13:26:22.557000+00:00,FW49-KT-WM,Laundry,Kitchen,11617,0.0,7.745,0,60.25,1,1
2252,2025-02-01 08:46:36.141000+00:00,FW05-KT1-W,Laundry,Utility room ,12118,1.0,8.078,0,49.75,1,1
2816,2025-02-01 08:21:43.979000+00:00,FW35-KT1-FK,Faucet,Kitchen sink,12058,0.0,8.039,1,60.25,1,1
2103,2025-02-01 20:44:44.096000+00:00,FW46-BA3-T,WC,Bathroom - ground floor,13520,1.0,9.013,0,100.5,1,1
3484,2025-02-01 15:14:56.757000+00:00,FW46-KT-W2,Laundry,Kitchen,11486,0.0,7.657,0,60.0,1,1
3484,2025-02-01 20:25:55.181000+00:00,FW46-KT-W2,Laundry,Kitchen,12409,0.0,8.273,0,60.25,1,1
3484,2025-02-01 20:30:55.170000+00:00,FW46-KT-W2,Laundry,Kitchen,13191,0.0,8.794,0,60.0,1,1
2723,2025-02-01 14:53:49.308000+00:00,FW53-KT1-W,Laundry,Kitchen ,11136,0.0,7.424,0,59.75,1,1
3188,2025-02-01 12:08:20.080000+00:00,FW70-KT-WM,Laundry,Kitchen,12307,0.0,8.205,0,54.5,1,1
3188,2025-02-01 13:29:19.716000+00:00,FW70-KT-WM,Laundry,Kitchen,13742,0.0,9.162,0,60.25,1,1
2109,2025-02-01 09:43:31.631000+00:00,FW63-KT1-W,Laundry,Kitchen - utility room ,13849,1.0,9.233,0,56.25,1,1
2109,2025-02-01 09:44:31.631000+00:00,FW63-KT1-W,Laundry,Kitchen - utility room ,11780,0.0,7.853,0,49.0,1,1
2109,2025-02-01 11:10:31.117000+00:00,FW63-KT1-W,Laundry,Kitchen - utility room ,13665,1.0,9.11,0,55.5,1,1
2109,2025-02-01 11:11:31.097000+00:00,FW63-KT1-W,Laundry,Kitchen - utility room ,13344,0.0,8.896,0,55.75,1,1
2736,2025-02-01 10:42:39.523000+00:00,FW43-KT1-FK,Faucet,Kitchen ,11859,0.0,7.906,1,60.0,1,1
2736,2025-02-01 13:09:39.014000+00:00,FW43-KT1-FK,Faucet,Kitchen ,11873,0.0,7.916,1,60.25,1,1
2736,2025-02-01 14:34:38.720000+00:00,FW43-KT1-FK,Faucet,Kitchen ,12189,0.0,8.126,1,60.0,1,1
2736,2025-02-01 17:28:38.116000+00:00,FW43-KT1-FK,Faucet,Kitchen ,12146,0.0,8.097,1,60.0,1,1
2736,2025-02-01 17:29:38.111000+00:00,FW43-KT1-FK,Faucet,Kitchen ,11927,0.0,7.952,1,60.25,1,1
2097,2025-02-01 14:02:07.382000+00:00,FW46-BA1-F,Faucet,Bathroom 1st floor - main,11282,3.0,7.521,1,86.5,1,1
2097,2025-02-01 16:10:06.692000+00:00,FW46-BA1-F,Faucet,Bathroom 1st floor - main,13690,1.0,9.126,1,90.25,1,1
2101,2025-02-01 12:53:35.042000+00:00,FW46-KT1-FK,Faucet,Kitchen,113015,41.0,75.343,1,713.5,1,1
2101,2025-02-01 13:41:27.490000+00:00,FW46-KT1-FK,Faucet,Kitchen,26461,12.0,17.641,0,151.0,1,1
2101,2025-02-01 18:17:18.555000+00:00,FW46-KT1-FK,Faucet,Kitchen,104494,10.0,69.663,1,505.25,1,1
2101,2025-02-01 18:33:18.460000+00:00,FW46-KT1-FK,Faucet,Kitchen,21532,9.0,14.354,0,103.5,1,1
2101,2025-02-01 21:26:17.472000+00:00,FW46-KT1-FK,Faucet,Kitchen,13796,0.0,9.197,1,60.0,1,1
2157,2025-02-02 12:01:24.852000+00:00,FW41-KT1-W,Laundry,Utility room,16013,0.0,10.675,0,60.0,1,1
2157,2025-02-02 12:15:24.799000+00:00,FW41-KT1-W,Laundry,Utility room,16098,0.0,10.732,0,60.0,1,1
2157,2025-02-02 12:24:24.742000+00:00,FW41-KT1-W,Laundry,Utility room,11534,1.0,7.689,0,42.25,1,1
2816,2025-02-02 12:22:35.529000+00:00,FW35-KT1-FK,Faucet,Kitchen sink,12192,0.0,8.128,1,60.0,1,1
2816,2025-02-02 19:45:33.341000+00:00,FW35-KT1-FK,Faucet,Kitchen sink,14623,0.0,9.748,1,58.0,1,1
3120,2025-02-02 13:59:47.322000+00:00,FW72-KT-FK,Faucet,Kitchen,12037,0.0,8.025,1,55.75,1,1
3092,2025-02-02 09:11:45.079000+00:00,FW62-BA-F,Faucet,Bathroom,13371,1.0,8.914,1,42.25,1,1
3092,2025-02-02 09:12:45.071000+00:00,FW62-BA-F,Faucet,Bathroom,17223,0.0,11.482,1,55.5,1,1
2731,2025-02-02 10:22:03.861000+00:00,FW56-KT-FK,Faucet,Kichen,12180,0.0,8.12,1,60.25,1,1
2731,2025-02-02 14:24:02.523000+00:00,FW56-KT-FK,Faucet,Kichen,12343,0.0,8.229,1,60.0,1,1
2101,2025-02-02 09:35:12.875000+00:00,FW46-KT1-FK,Faucet,Kitchen,17798,4.0,11.865,1,94.25,1,1
2101,2025-02-02 15:35:17.899000+00:00,FW46-KT1-FK,Faucet,Kitchen,20153,4.0,13.435,1,109.75,1,1
2101,2025-02-02 16:59:10.141000+00:00,FW46-KT1-FK,Faucet,Kitchen,28827,12.0,19.218,1,168.25,1,1
2101,2025-02-02 17:27:17.217000+00:00,FW46-KT1-FK,Faucet,Kitchen,18707,5.0,12.472,1,112.0,1,1
2101,2025-02-02 18:27:09.606000+00:00,FW46-KT1-FK,Faucet,Kitchen,23571,10.0,15.714,1,155.75,1,1
2147,2025-02-02 12:02:47.922000+00:00,FW30-KT1-FK,Faucet,Kitchen,11625,1.0,7.75,1,55.5,1,1
2736,2025-02-02 10:57:34.569000+00:00,FW43-KT1-FK,Faucet,Kitchen ,11669,0.0,7.779,1,60.0,1,1
2130,2025-02-02 15:28:05.557000+00:00,FW42-KT1-W,Laundry,Kitchen - utility room ,16672,0.0,11.114,0,62.25,1,1
2130,2025-02-02 16:02:05.346000+00:00,FW42-KT1-W,Laundry,Kitchen - utility room ,11372,1.0,7.581,0,38.0,1,1
2130,2025-02-02 16:03:05.346000+00:00,FW42-KT1-W,Laundry,Kitchen - utility room ,13562,0.0,9.042,0,47.0,1,1
2130,2025-02-02 16:08:05.320000+00:00,FW42-KT1-W,Laundry,Kitchen - utility room ,15942,1.0,10.628,0,53.0,1,1
2130,2025-02-02 16:13:05.291000+00:00,FW42-KT1-W,Laundry,Kitchen - utility room ,11926,1.0,7.951,0,38.75,1,1
2130,2025-02-02 16:14:05.278000+00:00,FW42-KT1-W,Laundry,Kitchen - utility room ,12239,1.0,8.159,0,42.25,1,1
3031,2025-02-02 00:25:46.134000+00:00,FW67-KT1-W,Laundry,Kitchen,13034,0.0,8.689,0,59.75,1,1
3031,2025-02-02 00:26:46.128000+00:00,FW67-KT1-W,Laundry,Kitchen,13049,0.0,8.699,0,60.25,1,1
3031,2025-02-02 00:44:46.030000+00:00,FW67-KT1-W,Laundry,Kitchen,13099,0.0,8.733,0,60.0,1,1
3031,2025-02-02 00:45:46.030000+00:00,FW67-KT1-W,Laundry,Kitchen,13102,0.0,8.735,0,60.0,1,1
3031,2025-02-02 01:03:45.952000+00:00,FW67-KT1-W,Laundry,Kitchen,13831,0.0,9.221,0,60.0,1,1
3031,2025-02-02 01:04:45.930000+00:00,FW67-KT1-W,Laundry,Kitchen,13777,0.0,9.184,0,60.25,1,1
2829,2025-02-02 10:15:02.256000+00:00,FW81-KT1-W,Laundry,Kitchen - utility room ,12457,0.0,8.305,0,60.0,1,1
2829,2025-02-02 10:19:02.240000+00:00,FW81-KT1-W,Laundry,Kitchen - utility room ,12343,0.0,8.229,0,60.0,1,1
2829,2025-02-02 10:25:02.206000+00:00,FW81-KT1-W,Laundry,Kitchen - utility room ,14211,0.0,9.474,0,59.75,1,1
3484,2025-02-02 14:15:49.818000+00:00,FW46-KT-W2,Laundry,Kitchen,20861,5.0,13.908,0,118.25,1,1
3484,2025-02-02 14:18:49.814000+00:00,FW46-KT-W2,Laundry,Kitchen,11817,0.0,7.878,0,59.75,1,1
3484,2025-02-02 14:24:03.050000+00:00,FW46-KT-W2,Laundry,Kitchen,11837,1.0,7.892,0,57.5,1,1
3484,2025-02-02 15:46:49.365000+00:00,FW46-KT-W2,Laundry,Kitchen,11253,0.0,7.502,0,59.75,1,1
2097,2025-02-02 22:56:56.428000+00:00,FW46-BA1-F,Faucet,Bathroom 1st floor - main,13020,7.0,8.68,1,100.75,1,1
2135,2025-02-02 10:18:06.480000+00:00,FW26-BA1-T,WC,Bathroom 1st floor ,11435,1.0,7.623,0,40.75,1,1
2806,2025-02-02 19:38:12.258000+00:00,FW19-KT1-D,Dishwasher,Dishwasher ,11139,3.0,7.426,0,192.75,1,1
2103,2025-02-02 00:21:43.234000+00:00,FW46-BA3-T,WC,Bathroom - ground floor,13463,1.0,8.975,0,100.5,1,1
2103,2025-02-02 13:57:38.768000+00:00,FW46-BA3-T,WC,Bathroom - ground floor,13331,1.0,8.887,0,107.75,1,1
2103,2025-02-02 18:33:37.255000+00:00,FW46-BA3-T,WC,Bathroom - ground floor,13313,1.0,8.876,0,113.0,1,1
2928,2025-02-02 18:41:04.307000+00:00,FW24-KT1-W,Laundry,Kitchen,14847,0.0,9.898,0,59.75,1,1
2252,2025-02-02 11:21:30.141000+00:00,FW05-KT1-W,Laundry,Utility room ,14560,1.0,9.707,0,60.0,1,1
3188,2025-02-02 11:12:13.881000+00:00,FW70-KT-WM,Laundry,Kitchen,12258,1.0,8.172,0,55.5,1,1
3188,2025-02-02 11:44:13.743000+00:00,FW70-KT-WM,Laundry,Kitchen,11516,0.0,7.678,0,51.5,1,1
3188,2025-02-02 13:03:13.385000+00:00,FW70-KT-WM,Laundry,Kitchen,13394,0.0,8.93,0,59.0,1,1
3188,2025-02-02 14:06:13.116000+00:00,FW70-KT-WM,Laundry,Kitchen,12619,1.0,8.413,0,55.5,1,1
3188,2025-02-02 14:29:13.005000+00:00,FW70-KT-WM,Laundry,Kitchen,12200,1.0,8.133,0,54.75,1,1
3188,2025-02-02 14:35:12.985000+00:00,FW70-KT-WM,Laundry,Kitchen,13219,0.0,8.812,0,58.25,1,1
2657,2025-02-03 09:27:10.031000+00:00,FW04-BA1-Fb,Faucet,Bathroom 1st floor - main,15249,0.0,10.166,1,60.25,1,1
2148,2025-02-03 11:26:55.746000+00:00,FW30-KT1-W,Laundry,Kitchen - utility room ,12152,1.0,8.101,0,59.25,1,1
2816,2025-02-03 20:35:25.866000+00:00,FW35-KT1-FK,Faucet,Kitchen sink,12536,0.0,8.357,1,60.0,1,1
2816,2025-02-03 20:36:25.866000+00:00,FW35-KT1-FK,Faucet,Kitchen sink,13036,0.0,8.691,1,55.25,1,1
2812,2025-02-03 09:36:27.966000+00:00,FW65-KT1-W,Laundry,Washing machine ,11845,1.0,7.896,0,40.25,1,1
2812,2025-02-03 09:37:27.966000+00:00,FW65-KT1-W,Laundry,Washing machine ,13482,0.0,8.988,0,46.0,1,1
2812,2025-02-03 12:05:27.237000+00:00,FW65-KT1-W,Laundry,Washing machine ,12981,1.0,8.654,0,43.0,1,1
2812,2025-02-03 12:06:27.237000+00:00,FW65-KT1-W,Laundry,Washing machine ,12926,0.0,8.618,0,43.25,1,1
2812,2025-02-03 12:20:27.149000+00:00,FW65-KT1-W,Laundry,Washing machine ,15083,0.0,10.055,0,44.0,1,1
3042,2025-02-03 10:18:30.697000+00:00,FW16-KT-FK,Faucet,Kichen,11443,4.0,7.628,0,100.5,1,1
2147,2025-02-03 17:43:36.947000+00:00,FW30-KT1-FK,Faucet,Kitchen,14622,1.0,9.748,1,56.0,1,1
2731,2025-02-03 06:31:57.235000+00:00,FW56-KT-FK,Faucet,Kichen,12647,0.0,8.432,1,58.25,1,1
2731,2025-02-03 18:04:53.455000+00:00,FW56-KT-FK,Faucet,Kichen,12503,0.0,8.335,1,60.0,1,1
2731,2025-02-03 18:05:53.605000+00:00,FW56-KT-FK,Faucet,Kichen,12578,0.0,8.385,1,60.25,1,1
2731,2025-02-03 18:06:53.605000+00:00,FW56-KT-FK,Faucet,Kichen,11804,0.0,7.87,1,56.25,1,1
2731,2025-02-03 18:38:53.293000+00:00,FW56-KT-FK,Faucet,Kichen,11455,1.0,7.636,1,57.5,1,1
2731,2025-02-03 19:43:52.898000+00:00,FW56-KT-FK,Faucet,Kichen,12504,0.0,8.336,1,60.0,1,1
2731,2025-02-03 21:18:52.379000+00:00,FW56-KT-FK,Faucet,Kichen,12789,0.0,8.526,1,59.75,1,1
3020,2025-02-03 08:19:48.806000+00:00,FW69-KT-W,Laundry,Kitchen,11403,3.0,7.602,0,53.5,1,1
3020,2025-02-03 08:56:48.626000+00:00,FW69-KT-W,Laundry,Kitchen,13016,0.0,8.677,0,60.0,1,1
3020,2025-02-03 09:08:48.568000+00:00,FW69-KT-W,Laundry,Kitchen,12774,1.0,8.516,0,60.0,1,1
2727,2025-02-03 21:09:19.228000+00:00,FW53-BA1-F,Faucet,Bathroom - 1st floor,12742,1.0,8.495,1,51.75,1,1
2140,2025-02-03 07:21:36.856000+00:00,FW26-KT1-W,Laundry,Kitchen,15492,2.0,10.328,0,87.0,3,1
2910,2025-02-03 11:18:25.648000+00:00,FW18-KT1-W,Laundry,Kitchen,12591,0.0,8.394,0,60.25,1,1
3090,2025-02-03 14:57:43.135000+00:00,FW62-KT-WM,Laundry,Kitchen,12543,1.0,8.362,0,59.75,1,1
2734,2025-02-03 10:18:02.386000+00:00,FW43-KT1-W,Laundry,Kitchen,11433,0.0,7.622,0,59.75,1,1
2734,2025-02-03 10:46:02.232000+00:00,FW43-KT1-W,Laundry,Kitchen,11423,0.0,7.616,0,60.0,1,1
2829,2025-02-03 08:08:56.400000+00:00,FW81-KT1-W,Laundry,Kitchen - utility room ,12235,0.0,8.156,0,55.0,1,1
2829,2025-02-03 08:24:56.321000+00:00,FW81-KT1-W,Laundry,Kitchen - utility room ,12675,0.0,8.45,0,57.75,1,1
2829,2025-02-03 08:27:56.310000+00:00,FW81-KT1-W,Laundry,Kitchen - utility room ,12413,1.0,8.275,0,56.5,1,1
2829,2025-02-03 08:33:56.278000+00:00,FW81-KT1-W,Laundry,Kitchen - utility room ,14082,0.0,9.388,0,60.25,1,1
2736,2025-02-03 12:25:29.437000+00:00,FW43-KT1-FK,Faucet,Kitchen ,12175,0.0,8.117,1,60.25,1,1
2736,2025-02-03 18:11:28.253000+00:00,FW43-KT1-FK,Faucet,Kitchen ,11769,0.0,7.846,1,60.25,1,1
2736,2025-02-03 18:12:28.253000+00:00,FW43-KT1-FK,Faucet,Kitchen ,11700,0.0,7.8,1,59.75,1,1
2246,2025-02-03 19:41:35.679000+00:00,FW12-KT1-W,Laundry,Kitchen - utility room ,17902,0.0,11.935,0,58.75,1,1
2246,2025-02-03 21:56:35.072000+00:00,FW12-KT1-W,Laundry,Kitchen - utility room ,18747,0.0,12.498,0,60.25,1,1
2246,2025-02-03 22:09:35.034000+00:00,FW12-KT1-W,Laundry,Kitchen - utility room ,18707,0.0,12.472,0,59.75,1,1
2758,2025-02-03 09:31:04.912000+00:00,FW59-BA1-S,Shower,Shower,14366,0.0,9.578,1,60.25,1,1
2758,2025-02-03 09:32:04.912000+00:00,FW59-BA1-S,Shower,Shower,14324,0.0,9.549,1,59.75,1,1
2758,2025-02-03 09:33:04.908000+00:00,FW59-BA1-S,Shower,Shower,14632,0.0,9.755,1,60.25,1,1
2758,2025-02-03 09:34:04.908000+00:00,FW59-BA1-S,Shower,Shower,14606,0.0,9.737,1,59.75,1,1
3092,2025-02-03 09:32:38.517000+00:00,FW62-BA-F,Faucet,Bathroom,11683,1.0,7.789,0,45.0,1,1
3092,2025-02-03 09:33:38.517000+00:00,FW62-BA-F,Faucet,Bathroom,12328,0.0,8.219,0,47.5,1,1
2133,2025-02-03 11:42:39.291000+00:00,FW42-BA1-F,Faucet,Bathroom 1st floor - ensuite ,13039,1.0,8.693,1,55.25,2,1
2133,2025-02-03 11:43:39.291000+00:00,FW42-BA1-F,Faucet,Bathroom 1st floor - ensuite ,14826,0.0,9.884,1,60.0,2,1
2133,2025-02-03 14:43:38.364000+00:00,FW42-BA1-F,Faucet,Bathroom 1st floor - ensuite ,12915,1.0,8.61,1,51.5,2,1
2738,2025-02-03 10:20:25.759000+00:00,FW09-KT1-W,Laundry,Kitchen - utility room ,11653,0.0,7.768,0,59.75,1,1
2738,2025-02-03 10:31:25.702000+00:00,FW09-KT1-W,Laundry,Kitchen - utility room ,11608,0.0,7.739,0,60.0,1,1
2806,2025-02-03 20:41:03.114000+00:00,FW19-KT1-D,Dishwasher,Dishwasher ,21024,9.0,14.016,0,359.5,1,1
2109,2025-02-03 11:09:13.766000+00:00,FW63-KT1-W,Laundry,Kitchen - utility room ,14693,0.0,9.796,0,60.25,1,1
2149,2025-02-03 20:37:52.197000+00:00,FW30-BA1-T,WC,Bathroom - 2nd floor,13101,0.0,8.734,0,43.5,1,1
2135,2025-02-03 22:53:54.450000+00:00,FW26-BA1-T,WC,Bathroom 1st floor ,13319,0.0,8.879,0,43.5,1,1
2101,2025-02-03 06:19:05.208000+00:00,FW46-KT1-FK,Faucet,Kitchen,28795,3.0,19.196,1,151.5,1,1
2101,2025-02-03 13:01:09.977000+00:00,FW46-KT1-FK,Faucet,Kitchen,40047,7.0,26.698,1,195.75,1,1
2101,2025-02-03 13:02:09.977000+00:00,FW46-KT1-FK,Faucet,Kitchen,12160,2.0,8.106,1,53.75,1,1
2101,2025-02-03 16:43:01.371000+00:00,FW46-KT1-FK,Faucet,Kitchen,11486,6.0,7.658,1,63.5,1,1
2101,2025-02-03 20:44:59.882000+00:00,FW46-KT1-FK,Faucet,Kitchen,54486,33.0,36.324,1,292.25,1,1
2101,2025-02-03 20:45:59.882000+00:00,FW46-KT1-FK,Faucet,Kitchen,13008,0.0,8.672,1,57.5,1,1
2120,2025-02-03 10:22:05.322000+00:00,FW03-KT1-W,Laundry,Kitchen - utility room ,15701,7.0,10.467,0,56.75,2,1
2123,2025-02-03 16:30:08.652000+00:00,FW23-BA1-T,WC,Bathroom 1st floor ,104017,13.0,69.345,0,413.75,1,1
2186,2025-02-03 16:31:55.362000+00:00,FW23-KT1-FKb,Faucet,Kitchen,60149,9.0,40.099,1,727.25,1,1
2186,2025-02-03 16:31:55.362000+00:00,FW23-KT1-FKb,Faucet,Kitchen,23357,26.0,15.571,0,146.0,1,1
2807,2025-02-03 20:22:09.922000+00:00,FW19-KT1-FK,Faucet,Kitchen sink cold,16365,10.0,10.91,0,60.25,1,1
2123,2025-02-04 07:35:04.728000+00:00,FW23-BA1-T,WC,Bathroom 1st floor ,12561,0.0,8.374,0,50.0,1,1
2729,2025-02-04 08:31:19.127000+00:00,FW34-KT1-W,Laundry,Kitchen - utility room ,11795,0.0,7.863,0,59.75,1,1
2729,2025-02-04 08:32:19.120000+00:00,FW34-KT1-W,Laundry,Kitchen - utility room ,11826,0.0,7.884,0,60.0,1,1
2729,2025-02-04 13:16:17.717000+00:00,FW34-KT1-W,Laundry,Kitchen - utility room ,11843,0.0,7.895,0,60.0,1,1
3190,2025-02-04 18:11:37.282000+00:00,FW29-KT-FK,Faucet,Kitchen,13262,1.0,8.842,1,51.5,1,1
2135,2025-02-04 10:10:50.749000+00:00,FW26-BA1-T,WC,Bathroom 1st floor ,14004,1.0,9.336,0,43.0,1,1
2829,2025-02-04 08:05:49.997000+00:00,FW81-KT1-W,Laundry,Kitchen - utility room ,13077,0.0,8.718,0,59.0,1,1
2829,2025-02-04 08:19:49.930000+00:00,FW81-KT1-W,Laundry,Kitchen - utility room ,12993,1.0,8.662,0,58.75,1,1
2829,2025-02-04 08:23:49.899000+00:00,FW81-KT1-W,Laundry,Kitchen - utility room ,13157,0.0,8.771,0,60.25,1,1
2829,2025-02-04 08:29:49.884000+00:00,FW81-KT1-W,Laundry,Kitchen - utility room ,14302,0.0,9.535,0,60.25,1,1
2829,2025-02-04 08:42:49.823000+00:00,FW81-KT1-W,Laundry,Kitchen - utility room ,11772,0.0,7.848,0,54.0,1,1
2829,2025-02-04 08:56:49.752000+00:00,FW81-KT1-W,Laundry,Kitchen - utility room ,13314,0.0,8.876,0,60.0,1,1
2829,2025-02-04 09:00:49.740000+00:00,FW81-KT1-W,Laundry,Kitchen - utility room ,13189,0.0,8.792,0,60.0,1,1
2829,2025-02-04 09:06:49.709000+00:00,FW81-KT1-W,Laundry,Kitchen - utility room ,14294,0.0,9.529,0,60.0,1,1
3020,2025-02-04 09:02:41.758000+00:00,FW69-KT-W,Laundry,Kitchen,12316,1.0,8.211,0,56.75,1,1
3020,2025-02-04 09:38:41.582000+00:00,FW69-KT-W,Laundry,Kitchen,12680,1.0,8.454,0,58.75,1,1
3020,2025-02-04 09:50:41.525000+00:00,FW69-KT-W,Laundry,Kitchen,11919,0.0,7.946,0,56.25,1,1
3020,2025-02-04 14:40:40.144000+00:00,FW69-KT-W,Laundry,Kitchen,12069,0.0,8.046,0,60.0,1,1
2130,2025-02-04 09:29:50.364000+00:00,FW42-KT1-W,Laundry,Kitchen - utility room ,17199,0.0,11.466,0,60.25,1,1
2130,2025-02-04 09:56:50.196000+00:00,FW42-KT1-W,Laundry,Kitchen - utility room ,15228,0.0,10.152,0,52.5,1,1
2130,2025-02-04 10:01:50.155000+00:00,FW42-KT1-W,Laundry,Kitchen - utility room ,12246,1.0,8.164,0,40.5,1,1
2130,2025-02-04 10:02:50.155000+00:00,FW42-KT1-W,Laundry,Kitchen - utility room ,11321,1.0,7.548,0,38.5,1,1
2130,2025-02-04 14:18:48.610000+00:00,FW42-KT1-W,Laundry,Kitchen - utility room ,16242,1.0,10.828,0,54.75,1,1
2130,2025-02-04 14:29:48.522000+00:00,FW42-KT1-W,Laundry,Kitchen - utility room ,13888,0.0,9.259,0,47.75,1,1
2130,2025-02-04 14:38:48.485000+00:00,FW42-KT1-W,Laundry,Kitchen - utility room ,12599,1.0,8.4,0,42.0,1,1
2130,2025-02-04 15:38:48.117000+00:00,FW42-KT1-W,Laundry,Kitchen - utility room ,15202,1.0,10.135,0,51.5,1,1
2130,2025-02-04 15:39:48.112000+00:00,FW42-KT1-W,Laundry,Kitchen - utility room ,12237,0.0,8.158,0,43.0,1,1
2130,2025-02-04 15:48:48.053000+00:00,FW42-KT1-W,Laundry,Kitchen - utility room ,11846,1.0,7.897,0,39.75,1,1
2131,2025-02-04 16:52:42.257000+00:00,FW42-KT1-FK,Faucet,Kitchen,19765,1.0,13.176,1,73.5,1,1
2764,2025-02-04 09:12:19.133000+00:00,FW45-BA1-T,WC,Toilet,21138,1.0,14.092,0,57.75,1,1
2147,2025-02-04 12:36:30.001000+00:00,FW30-KT1-FK,Faucet,Kitchen,11217,0.0,7.478,1,60.25,1,1
2147,2025-02-04 17:37:28.084000+00:00,FW30-KT1-FK,Faucet,Kitchen,14070,1.0,9.38,1,51.0,1,1
2816,2025-02-04 19:08:19.021000+00:00,FW35-KT1-FK,Faucet,Kitchen sink,12855,0.0,8.57,1,60.0,1,1
3192,2025-02-04 06:29:58.764000+00:00,FW29-KT-WMb,Laundry,Kitchen,12418,0.0,8.279,0,62.25,1,1
2928,2025-02-04 14:52:52.048000+00:00,FW24-KT1-W,Laundry,Kitchen,15346,0.0,10.23,0,59.75,1,1
2910,2025-02-04 15:37:17.669000+00:00,FW18-KT1-W,Laundry,Kitchen,12466,0.0,8.311,0,59.75,1,1
2910,2025-02-04 15:38:17.663000+00:00,FW18-KT1-W,Laundry,Kitchen,12223,0.0,8.149,0,60.0,1,1
2910,2025-02-04 15:47:17.616000+00:00,FW18-KT1-W,Laundry,Kitchen,12186,1.0,8.124,0,58.5,1,1
2738,2025-02-04 12:00:16.831000+00:00,FW09-KT1-W,Laundry,Kitchen - utility room ,11759,1.0,7.84,0,59.25,1,1
2738,2025-02-04 12:01:16.805000+00:00,FW09-KT1-W,Laundry,Kitchen - utility room ,11139,0.0,7.426,0,57.25,1,1
2738,2025-02-04 12:14:16.748000+00:00,FW09-KT1-W,Laundry,Kitchen - utility room ,12104,0.0,8.069,0,60.0,1,1
3121,2025-02-04 15:00:56.327000+00:00,FW49-KT-WM,Laundry,Kitchen,11228,0.0,7.485,0,59.75,1,1
2109,2025-02-04 20:26:01.687000+00:00,FW63-KT1-W,Laundry,Kitchen - utility room ,14556,0.0,9.704,0,60.0,1,1
2731,2025-02-04 05:53:49.542000+00:00,FW56-KT-FK,Faucet,Kichen,13189,0.0,8.792,1,60.0,1,1
2731,2025-02-04 07:50:48.907000+00:00,FW56-KT-FK,Faucet,Kichen,11744,1.0,7.829,1,55.75,1,1
2731,2025-02-04 12:05:47.511000+00:00,FW56-KT-FK,Faucet,Kichen,12093,1.0,8.062,1,57.25,1,1
2731,2025-02-04 19:50:44.952000+00:00,FW56-KT-FK,Faucet,Kichen,11421,1.0,7.614,1,53.25,1,1
2246,2025-02-04 22:24:28.637000+00:00,FW12-KT1-W,Laundry,Kitchen - utility room ,13954,2.0,9.302,0,45.0,1,1
3484,2025-02-04 15:49:35.011000+00:00,FW46-KT-W2,Laundry,Kitchen,14683,4.0,9.788,0,79.5,1,1
3484,2025-02-04 15:50:35.011000+00:00,FW46-KT-W2,Laundry,Kitchen,11906,1.0,7.938,0,60.0,1,1
3484,2025-02-04 15:55:34.988000+00:00,FW46-KT-W2,Laundry,Kitchen,11519,1.0,7.679,0,56.25,1,1
2101,2025-02-04 06:04:56.427000+00:00,FW46-KT1-FK,Faucet,Kitchen,34806,11.0,23.204,1,173.75,1,1
2101,2025-02-04 06:06:56.425000+00:00,FW46-KT1-FK,Faucet,Kitchen,51970,36.0,34.646,0,276.25,1,1
2101,2025-02-04 06:43:03.431000+00:00,FW46-KT1-FK,Faucet,Kitchen,24795,9.0,16.53,1,140.75,1,1
2101,2025-02-04 15:39:52.973000+00:00,FW46-KT1-FK,Faucet,Kitchen,17777,0.0,11.851,1,81.75,1,1
2101,2025-02-04 19:10:51.582000+00:00,FW46-KT1-FK,Faucet,Kitchen,19385,1.0,12.923,1,97.5,1,1
2806,2025-02-04 16:08:56.242000+00:00,FW19-KT1-D,Dishwasher,Dishwasher ,16190,3.0,10.793,0,276.0,1,1
2806,2025-02-04 20:45:10.424000+00:00,FW19-KT1-D,Dishwasher,Dishwasher ,21967,4.0,14.645,0,384.25,1,1
2729,2025-02-05 13:36:10.396000+00:00,FW34-KT1-W,Laundry,Kitchen - utility room ,11895,0.0,7.93,0,60.25,1,1
2731,2025-02-05 08:56:40.739000+00:00,FW56-KT-FK,Faucet,Kichen,11544,0.0,7.696,1,60.0,1,1
2731,2025-02-05 12:26:39.528000+00:00,FW56-KT-FK,Faucet,Kichen,11204,1.0,7.47,1,52.0,1,1
2157,2025-02-05 08:56:05.920000+00:00,FW41-KT1-W,Laundry,Utility room,11228,2.0,7.486,0,40.75,1,1
2157,2025-02-05 09:53:05.660000+00:00,FW41-KT1-W,Laundry,Utility room,16050,0.0,10.7,0,60.0,1,1
2157,2025-02-05 10:02:05.605000+00:00,FW41-KT1-W,Laundry,Utility room,16108,0.0,10.739,0,60.0,1,1
2157,2025-02-05 10:03:05.605000+00:00,FW41-KT1-W,Laundry,Utility room,11595,0.0,7.73,0,43.5,1,1
2157,2025-02-05 10:11:05.576000+00:00,FW41-KT1-W,Laundry,Utility room,11293,1.0,7.529,0,40.0,1,1
2829,2025-02-05 08:14:43.531000+00:00,FW81-KT1-W,Laundry,Kitchen - utility room ,12919,1.0,8.613,0,58.5,1,1
2829,2025-02-05 08:18:43.510000+00:00,FW81-KT1-W,Laundry,Kitchen - utility room ,13120,0.0,8.747,0,59.75,1,1
2829,2025-02-05 08:24:43.494000+00:00,FW81-KT1-W,Laundry,Kitchen - utility room ,14190,0.0,9.46,0,59.75,1,1
2829,2025-02-05 10:18:42.977000+00:00,FW81-KT1-W,Laundry,Kitchen - utility room ,13096,0.0,8.731,0,59.5,1,1
2829,2025-02-05 10:32:42.912000+00:00,FW81-KT1-W,Laundry,Kitchen - utility room ,12556,1.0,8.371,0,57.0,1,1
2829,2025-02-05 10:36:42.903000+00:00,FW81-KT1-W,Laundry,Kitchen - utility room ,13112,0.0,8.741,0,59.75,1,1
2829,2025-02-05 10:42:42.888000+00:00,FW81-KT1-W,Laundry,Kitchen - utility room ,13735,0.0,9.157,0,60.0,1,1
2246,2025-02-05 00:47:28.009000+00:00,FW12-KT1-W,Laundry,Kitchen - utility room ,16385,1.0,10.924,0,52.25,1,1
2246,2025-02-05 01:00:27.959000+00:00,FW12-KT1-W,Laundry,Kitchen - utility room ,16459,1.0,10.972,0,51.5,1,1
2246,2025-02-05 21:02:22.667000+00:00,FW12-KT1-W,Laundry,Kitchen - utility room ,15890,0.0,10.593,0,52.0,1,1
2246,2025-02-05 23:24:22.051000+00:00,FW12-KT1-W,Laundry,Kitchen - utility room ,14678,1.0,9.785,0,52.0,1,1
2246,2025-02-05 23:37:21.988000+00:00,FW12-KT1-W,Laundry,Kitchen - utility room ,14416,1.0,9.611,0,45.25,1,1
2246,2025-02-05 23:38:21.981000+00:00,FW12-KT1-W,Laundry,Kitchen - utility room ,11351,0.0,7.567,0,35.5,1,1
2097,2025-02-05 20:03:34.042000+00:00,FW46-BA1-F,Faucet,Bathroom 1st floor - main,14026,4.0,9.351,1,96.25,1,1
3484,2025-02-05 10:38:29.413000+00:00,FW46-KT-W2,Laundry,Kitchen,11914,0.0,7.943,0,60.0,1,1
2812,2025-02-05 10:18:13.445000+00:00,FW65-KT1-W,Laundry,Washing machine ,11446,2.0,7.631,0,39.5,1,1
2812,2025-02-05 10:58:13.244000+00:00,FW65-KT1-W,Laundry,Washing machine ,16385,0.0,10.923,0,55.5,1,1
2812,2025-02-05 11:17:13.171000+00:00,FW65-KT1-W,Laundry,Washing machine ,13566,1.0,9.044,0,39.5,1,1
3031,2025-02-05 07:50:22.146000+00:00,FW67-KT1-W,Laundry,Kitchen,12464,0.0,8.309,0,60.25,1,1
3031,2025-02-05 07:57:22.124000+00:00,FW67-KT1-W,Laundry,Kitchen,13009,0.0,8.673,0,59.75,1,1
3031,2025-02-05 22:41:17.669000+00:00,FW67-KT1-W,Laundry,Kitchen,12925,0.0,8.617,0,60.0,1,1
3031,2025-02-05 23:00:17.570000+00:00,FW67-KT1-W,Laundry,Kitchen,13831,0.0,9.221,0,60.0,1,1
3031,2025-02-05 23:01:17.570000+00:00,FW67-KT1-W,Laundry,Kitchen,13286,0.0,8.857,0,58.0,1,1
2816,2025-02-05 21:16:11.218000+00:00,FW35-KT1-FK,Faucet,Kitchen sink,11366,0.0,7.578,1,60.0,1,1
3041,2025-02-05 12:28:42.691000+00:00,FW16-KT-WM,Laundry,Kichen,14580,0.0,9.72,0,60.25,1,1
3041,2025-02-05 12:43:42.611000+00:00,FW16-KT-WM,Laundry,Kichen,13827,1.0,9.218,0,57.25,1,1
3188,2025-02-05 19:06:52.317000+00:00,FW70-KT-WM,Laundry,Kitchen,12213,1.0,8.142,0,54.0,1,1
2101,2025-02-05 00:41:56.960000+00:00,FW46-KT1-FK,Faucet,Kitchen,62915,21.0,41.943,1,368.75,1,1
2101,2025-02-05 06:22:54.684000+00:00,FW46-KT1-FK,Faucet,Kitchen,60871,17.0,40.581,1,308.75,1,1
2101,2025-02-05 12:42:52.348000+00:00,FW46-KT1-FK,Faucet,Kitchen,56321,21.0,37.548,1,297.5,1,1
2101,2025-02-05 18:24:42.981000+00:00,FW46-KT1-FK,Faucet,Kitchen,28476,6.0,18.984,1,175.0,1,1
2101,2025-02-05 19:04:42.733000+00:00,FW46-KT1-FK,Faucet,Kitchen,37120,24.0,24.747,0,202.5,1,1
2101,2025-02-05 20:49:42.200000+00:00,FW46-KT1-FK,Faucet,Kitchen,14487,0.0,9.658,1,75.5,1,1
2101,2025-02-05 20:52:42.074000+00:00,FW46-KT1-FK,Faucet,Kitchen,12004,0.0,8.002,1,60.0,1,1
2100,2025-02-05 08:32:32.653000+00:00,FW46-BA2-T,WC,Bathroom 1st floor - ensuite ,17992,2.0,11.995,0,115.0,1,1
2120,2025-02-05 17:43:41.214000+00:00,FW03-KT1-W,Laundry,Kitchen - utility room ,16304,6.0,10.87,0,59.0,2,1
2806,2025-02-05 20:53:46.440000+00:00,FW19-KT1-D,Dishwasher,Dishwasher ,27505,5.0,18.336,0,476.75,1,1
2149,2025-02-06 18:21:31.714000+00:00,FW30-BA1-T,WC,Bathroom - 2nd floor,13115,1.0,8.743,0,44.75,1,1
2807,2025-02-06 19:59:01.027000+00:00,FW19-KT1-FK,Faucet,Kitchen sink cold,12652,10.0,8.434,0,52.0,1,1
2727,2025-02-06 06:09:02.543000+00:00,FW53-BA1-F,Faucet,Bathroom - 1st floor,14503,0.0,9.669,1,59.75,1,1
2147,2025-02-06 11:26:12.606000+00:00,FW30-KT1-FK,Faucet,Kitchen,11599,0.0,7.732,1,39.5,1,1
2147,2025-02-06 12:05:12.380000+00:00,FW30-KT1-FK,Faucet,Kitchen,13442,0.0,8.961,1,60.0,1,1
2147,2025-02-06 18:18:10.061000+00:00,FW30-KT1-FK,Faucet,Kitchen,11301,0.0,7.534,1,45.25,1,1
2738,2025-02-06 11:48:00.263000+00:00,FW09-KT1-W,Laundry,Kitchen - utility room ,11599,0.0,7.733,0,59.75,1,1
3092,2025-02-06 09:59:19.014000+00:00,FW62-BA-F,Faucet,Bathroom,13746,0.0,9.164,0,60.0,1,1
3086,2025-02-06 21:21:45.946000+00:00,FW20-BA-F,Faucet,Bathroom,15508,2.0,10.339,1,81.25,1,1
2246,2025-02-06 00:11:21.851000+00:00,FW12-KT1-W,Laundry,Kitchen - utility room ,15574,0.0,10.383,0,50.75,1,1
2246,2025-02-06 03:10:21.040000+00:00,FW12-KT1-W,Laundry,Kitchen - utility room ,11284,2.0,7.523,0,35.75,1,1
2246,2025-02-06 03:23:20.997000+00:00,FW12-KT1-W,Laundry,Kitchen - utility room ,17757,1.0,11.838,0,57.0,1,1
2246,2025-02-06 03:36:20.928000+00:00,FW12-KT1-W,Laundry,Kitchen - utility room ,19254,0.0,12.836,0,60.25,1,1
2246,2025-02-06 12:41:18.534000+00:00,FW12-KT1-W,Laundry,Kitchen - utility room ,14063,2.0,9.376,0,44.75,1,1
2246,2025-02-06 13:15:18.380000+00:00,FW12-KT1-W,Laundry,Kitchen - utility room ,13588,2.0,9.059,0,44.25,1,1
2246,2025-02-06 13:16:18.368000+00:00,FW12-KT1-W,Laundry,Kitchen - utility room ,12599,0.0,8.399,0,41.75,1,1
2246,2025-02-06 13:21:18.359000+00:00,FW12-KT1-W,Laundry,Kitchen - utility room ,18638,1.0,12.425,0,60.0,1,1
2246,2025-02-06 13:27:18.323000+00:00,FW12-KT1-W,Laundry,Kitchen - utility room ,12706,1.0,8.471,0,40.75,1,1
2246,2025-02-06 13:28:18.312000+00:00,FW12-KT1-W,Laundry,Kitchen - utility room ,11409,0.0,7.606,0,36.25,1,1
2736,2025-02-06 17:27:13.853000+00:00,FW43-KT1-FK,Faucet,Kitchen ,11806,0.0,7.871,1,60.25,1,1
2736,2025-02-06 17:28:13.853000+00:00,FW43-KT1-FK,Faucet,Kitchen ,11494,0.0,7.662,1,59.0,1,1
2135,2025-02-06 09:34:35.211000+00:00,FW26-BA1-T,WC,Bathroom 1st floor ,13155,1.0,8.77,0,41.0,1,1
2135,2025-02-06 23:10:30.749000+00:00,FW26-BA1-T,WC,Bathroom 1st floor ,12269,1.0,8.179,0,36.75,1,1
2816,2025-02-06 21:50:03.843000+00:00,FW35-KT1-FK,Faucet,Kitchen sink,12037,1.0,8.025,1,55.25,1,1
2731,2025-02-06 06:10:33.741000+00:00,FW56-KT-FK,Faucet,Kichen,13099,0.0,8.732,1,60.0,1,1
2731,2025-02-06 07:55:33.133000+00:00,FW56-KT-FK,Faucet,Kichen,12573,1.0,8.382,1,60.25,1,1
2731,2025-02-06 08:56:32.822000+00:00,FW56-KT-FK,Faucet,Kichen,11375,1.0,7.583,1,56.25,1,1
2731,2025-02-06 19:27:29.352000+00:00,FW56-KT-FK,Faucet,Kichen,12646,0.0,8.431,1,60.25,1,1
2806,2025-02-06 15:52:47.300000+00:00,FW19-KT1-D,Dishwasher,Dishwasher ,42202,12.0,28.135,0,726.0,1,1
2806,2025-02-06 22:48:52.761000+00:00,FW19-KT1-D,Dishwasher,Dishwasher ,21996,4.0,14.664,0,385.25,1,1
3154,2025-02-06 12:38:01.904000+00:00,FW10-KT-FK,Faucet,Kitchen,13401,0.0,8.934,1,60.25,1,1
2729,2025-02-06 22:02:00.684000+00:00,FW34-KT1-W,Laundry,Kitchen - utility room ,11844,0.0,7.896,0,60.0,1,1
3190,2025-02-06 14:48:23.130000+00:00,FW29-KT-FK,Faucet,Kitchen,14117,0.0,9.411,1,55.0,1,1
3190,2025-02-06 18:10:22.079000+00:00,FW29-KT-FK,Faucet,Kitchen,14108,0.0,9.405,1,45.0,1,1
2829,2025-02-06 08:24:37.075000+00:00,FW81-KT1-W,Laundry,Kitchen - utility room ,11457,0.0,7.638,0,52.5,1,1
2829,2025-02-06 08:57:36.930000+00:00,FW81-KT1-W,Laundry,Kitchen - utility room ,12366,1.0,8.244,0,55.75,1,1
2829,2025-02-06 08:58:36.930000+00:00,FW81-KT1-W,Laundry,Kitchen - utility room ,11342,0.0,7.562,0,51.5,1,1
2829,2025-02-06 09:01:36.921000+00:00,FW81-KT1-W,Laundry,Kitchen - utility room ,11215,2.0,7.476,0,52.0,1,1
2829,2025-02-06 09:07:36.898000+00:00,FW81-KT1-W,Laundry,Kitchen - utility room ,12060,1.0,8.04,0,52.25,1,1
2829,2025-02-06 09:08:36.898000+00:00,FW81-KT1-W,Laundry,Kitchen - utility room ,14247,0.0,9.498,0,60.0,1,1
2829,2025-02-06 10:09:36.610000+00:00,FW81-KT1-W,Laundry,Kitchen - utility room ,13312,0.0,8.874,0,60.25,1,1
2829,2025-02-06 10:13:36.591000+00:00,FW81-KT1-W,Laundry,Kitchen - utility room ,12030,0.0,8.02,0,55.5,1,1
2829,2025-02-06 10:18:36.578000+00:00,FW81-KT1-W,Laundry,Kitchen - utility room ,13905,1.0,9.27,0,59.5,1,1
2829,2025-02-06 10:19:36.575000+00:00,FW81-KT1-W,Laundry,Kitchen - utility room ,12916,0.0,8.611,0,55.5,1,1
2928,2025-02-06 07:51:40.687000+00:00,FW24-KT1-W,Laundry,Kitchen,12862,0.0,8.575,0,51.5,1,1
3031,2025-02-06 21:14:10.859000+00:00,FW67-KT1-W,Laundry,Kitchen,12487,0.0,8.324,0,60.0,1,1
3031,2025-02-06 23:35:10.152000+00:00,FW67-KT1-W,Laundry,Kitchen,13129,0.0,8.752,0,60.0,1,1
2101,2025-02-06 06:44:45.682000+00:00,FW46-KT1-FK,Faucet,Kitchen,11803,7.0,7.869,0,49.75,1,1
2101,2025-02-06 19:50:33.610000+00:00,FW46-KT1-FK,Faucet,Kitchen,110299,31.0,73.533,1,586.0,1,1
2103,2025-02-06 08:13:08.809000+00:00,FW46-BA3-T,WC,Bathroom - ground floor,53512,4.0,35.674,0,402.25,1,1
2103,2025-02-06 08:52:08.437000+00:00,FW46-BA3-T,WC,Bathroom - ground floor,12033,0.0,8.022,0,95.5,1,1
2103,2025-02-06 18:31:13.667000+00:00,FW46-BA3-T,WC,Bathroom - ground floor,36159,2.0,24.106,0,364.75,1,1
2103,2025-02-06 20:53:04.651000+00:00,FW46-BA3-T,WC,Bathroom - ground floor,26768,2.0,17.845,0,206.5,1,1
2103,2025-02-06 21:27:04.467000+00:00,FW46-BA3-T,WC,Bathroom - ground floor,21562,1.0,14.375,0,167.0,1,1
2734,2025-02-07 17:21:29.550000+00:00,FW43-KT1-W,Laundry,Kitchen,11443,0.0,7.629,0,60.0,1,1
3020,2025-02-07 09:09:21.316000+00:00,FW69-KT-W,Laundry,Kitchen,12597,0.0,8.398,0,60.0,1,1
2736,2025-02-07 18:15:08.863000+00:00,FW43-KT1-FK,Faucet,Kitchen ,11808,0.0,7.872,1,60.25,1,1
2731,2025-02-07 07:43:25.364000+00:00,FW56-KT-FK,Faucet,Kichen,12444,0.0,8.296,1,60.0,1,1
2731,2025-02-07 17:18:22.250000+00:00,FW56-KT-FK,Faucet,Kichen,12660,0.0,8.44,1,59.75,1,1
2731,2025-02-07 17:19:22.205000+00:00,FW56-KT-FK,Faucet,Kichen,12735,0.0,8.49,1,60.25,1,1
2731,2025-02-07 23:18:20.235000+00:00,FW56-KT-FK,Faucet,Kichen,11526,0.0,7.684,1,53.25,1,1
2251,2025-02-07 20:24:58.527000+00:00,FW66-KT1-W,Laundry,Kitchen - utility room ,12315,1.0,8.21,0,53.0,1,1
2251,2025-02-07 20:36:58.443000+00:00,FW66-KT1-W,Laundry,Kitchen - utility room ,13927,0.0,9.284,0,60.0,1,1
2251,2025-02-07 20:49:58.372000+00:00,FW66-KT1-W,Laundry,Kitchen - utility room ,11605,0.0,7.736,0,50.25,1,1
2829,2025-02-07 09:38:30.400000+00:00,FW81-KT1-W,Laundry,Kitchen - utility room ,13410,0.0,8.94,0,59.75,1,1
2829,2025-02-07 09:42:30.393000+00:00,FW81-KT1-W,Laundry,Kitchen - utility room ,12897,0.0,8.598,0,59.75,1,1
2829,2025-02-07 09:47:30.349000+00:00,FW81-KT1-W,Laundry,Kitchen - utility room ,13994,0.0,9.33,0,60.25,1,1
3190,2025-02-07 05:48:18.387000+00:00,FW29-KT-FK,Faucet,Kitchen,12506,1.0,8.337,1,47.75,1,1
3190,2025-02-07 14:33:15.632000+00:00,FW29-KT-FK,Faucet,Kitchen,11316,0.0,7.544,1,52.25,1,1
2246,2025-02-07 09:15:13.112000+00:00,FW12-KT1-W,Laundry,Kitchen - utility room ,13038,0.0,8.692,0,42.5,1,1
2246,2025-02-07 11:44:12.451000+00:00,FW12-KT1-W,Laundry,Kitchen - utility room ,14608,0.0,9.739,0,47.5,1,1
2246,2025-02-07 11:57:12.386000+00:00,FW12-KT1-W,Laundry,Kitchen - utility room ,15711,0.0,10.474,0,50.5,1,1
2246,2025-02-07 12:10:12.359000+00:00,FW12-KT1-W,Laundry,Kitchen - utility room ,14910,0.0,9.94,0,48.0,1,1
2246,2025-02-07 19:10:10.507000+00:00,FW12-KT1-W,Laundry,Kitchen - utility room ,15359,0.0,10.239,0,50.75,1,1
2246,2025-02-07 21:30:09.881000+00:00,FW12-KT1-W,Laundry,Kitchen - utility room ,16573,1.0,11.049,0,53.25,1,1
2246,2025-02-07 21:43:09.841000+00:00,FW12-KT1-W,Laundry,Kitchen - utility room ,17715,0.0,11.81,0,56.5,1,1
3484,2025-02-07 10:48:15.143000+00:00,FW46-KT-W2,Laundry,Kitchen,11498,0.0,7.666,0,59.75,1,1
3484,2025-02-07 11:07:15.059000+00:00,FW46-KT-W2,Laundry,Kitchen,12905,2.0,8.603,0,77.25,1,1
3484,2025-02-07 16:15:13.528000+00:00,FW46-KT-W2,Laundry,Kitchen,17846,7.0,11.898,0,101.25,1,1
3484,2025-02-07 17:01:13.318000+00:00,FW46-KT-W2,Laundry,Kitchen,11149,0.0,7.433,0,60.25,1,1
2120,2025-02-07 12:21:29.096000+00:00,FW03-KT1-W,Laundry,Kitchen - utility room ,29535,9.0,19.69,0,107.5,2,1
2121,2025-02-07 11:15:41.171000+00:00,FW23-KT1-W,Laundry,Kitchen ,15843,0.0,10.562,0,60.0,1,1
2121,2025-02-07 11:22:41.136000+00:00,FW23-KT1-W,Laundry,Kitchen ,14205,1.0,9.47,0,53.75,1,1
2928,2025-02-07 15:18:31.983000+00:00,FW24-KT1-W,Laundry,Kitchen,13489,0.0,8.993,0,53.5,1,1
2147,2025-02-07 12:28:03.411000+00:00,FW30-KT1-FK,Faucet,Kitchen,12281,1.0,8.188,1,42.25,1,1
2101,2025-02-07 06:14:29.756000+00:00,FW46-KT1-FK,Faucet,Kitchen,35748,3.0,23.832,1,174.75,1,1
2101,2025-02-07 07:38:29.249000+00:00,FW46-KT1-FK,Faucet,Kitchen,20255,9.0,13.503,1,107.75,1,1
2101,2025-02-07 09:06:28.692000+00:00,FW46-KT1-FK,Faucet,Kitchen,26771,5.0,17.847,1,134.5,1,1
2101,2025-02-07 13:00:27.244000+00:00,FW46-KT1-FK,Faucet,Kitchen,19985,7.0,13.324,1,99.75,1,1
2101,2025-02-07 15:42:26.251000+00:00,FW46-KT1-FK,Faucet,Kitchen,15222,2.0,10.148,1,83.5,1,1
2101,2025-02-07 16:34:33.183000+00:00,FW46-KT1-FK,Faucet,Kitchen,53812,39.0,35.875,0,300.0,1,1
2101,2025-02-07 18:22:32.516000+00:00,FW46-KT1-FK,Faucet,Kitchen,36797,8.0,24.532,1,238.25,1,1
2101,2025-02-07 20:18:24.551000+00:00,FW46-KT1-FK,Faucet,Kitchen,22886,3.0,15.258,1,114.0,1,1
2807,2025-02-07 20:21:51.277000+00:00,FW19-KT1-FK,Faucet,Kitchen sink cold,12260,12.0,8.173,0,57.5,1,1
2103,2025-02-07 15:53:14.906000+00:00,FW46-BA3-T,WC,Bathroom - ground floor,105596,8.0,70.397,0,855.5,1,1
2657,2025-02-08 11:50:30.086000+00:00,FW04-BA1-Fb,Faucet,Bathroom 1st floor - main,14072,0.0,9.382,1,60.0,1,1
2657,2025-02-08 22:34:26.607000+00:00,FW04-BA1-Fb,Faucet,Bathroom 1st floor - main,11541,1.0,7.694,1,47.25,1,1
2816,2025-02-08 11:40:52.493000+00:00,FW35-KT1-FK,Faucet,Kitchen sink,12319,0.0,8.213,1,60.0,1,1
3121,2025-02-08 15:13:21.960000+00:00,FW49-KT-WM,Laundry,Kitchen,11708,1.0,7.805,0,60.25,1,1
2246,2025-02-08 23:56:02.957000+00:00,FW12-KT1-W,Laundry,Kitchen - utility room ,13859,2.0,9.239,0,43.75,1,1
2246,2025-02-08 23:57:02.957000+00:00,FW12-KT1-W,Laundry,Kitchen - utility room ,14252,0.0,9.501,0,47.0,1,1
2731,2025-02-08 09:24:16.931000+00:00,FW56-KT-FK,Faucet,Kichen,12348,0.0,8.232,1,60.0,1,1
2731,2025-02-08 12:16:16.004000+00:00,FW56-KT-FK,Faucet,Kichen,11926,0.0,7.95,1,60.0,1,1
2731,2025-02-08 12:18:15.982000+00:00,FW56-KT-FK,Faucet,Kichen,12338,0.0,8.225,1,59.75,1,1
2731,2025-02-08 13:45:15.557000+00:00,FW56-KT-FK,Faucet,Kichen,11810,0.0,7.873,1,60.25,1,1
2731,2025-02-08 13:47:15.488000+00:00,FW56-KT-FK,Faucet,Kichen,11204,1.0,7.47,1,53.5,1,1
2731,2025-02-08 19:48:13.516000+00:00,FW56-KT-FK,Faucet,Kichen,12887,0.0,8.591,1,60.0,1,1
2731,2025-02-08 19:49:13.504000+00:00,FW56-KT-FK,Faucet,Kichen,12920,0.0,8.613,1,60.0,1,1
2731,2025-02-08 21:12:13.061000+00:00,FW56-KT-FK,Faucet,Kichen,11767,1.0,7.844,1,59.0,1,1
2829,2025-02-08 09:07:24.135000+00:00,FW81-KT1-W,Laundry,Kitchen - utility room ,11823,1.0,7.882,0,52.25,1,1
2829,2025-02-08 09:22:24.072000+00:00,FW81-KT1-W,Laundry,Kitchen - utility room ,12896,0.0,8.597,0,58.5,1,1
2829,2025-02-08 09:25:24.068000+00:00,FW81-KT1-W,Laundry,Kitchen - utility room ,12614,1.0,8.409,0,56.75,1,1
2829,2025-02-08 09:31:24.045000+00:00,FW81-KT1-W,Laundry,Kitchen - utility room ,14116,0.0,9.411,0,60.25,1,1
2829,2025-02-08 10:26:23.793000+00:00,FW81-KT1-W,Laundry,Kitchen - utility room ,12910,1.0,8.607,0,58.25,1,1
2829,2025-02-08 10:40:23.729000+00:00,FW81-KT1-W,Laundry,Kitchen - utility room ,11619,1.0,7.746,0,52.25,1,1
2829,2025-02-08 10:41:23.721000+00:00,FW81-KT1-W,Laundry,Kitchen - utility room ,11578,0.0,7.719,0,52.75,1,1
2829,2025-02-08 10:44:23.717000+00:00,FW81-KT1-W,Laundry,Kitchen - utility room ,13175,0.0,8.783,0,59.75,1,1
2829,2025-02-08 10:50:23.698000+00:00,FW81-KT1-W,Laundry,Kitchen - utility room ,14341,0.0,9.56,0,60.0,1,1
2736,2025-02-08 11:15:05.457000+00:00,FW43-KT1-FK,Faucet,Kitchen ,11863,0.0,7.909,1,60.25,1,1
2736,2025-02-08 13:15:05.043000+00:00,FW43-KT1-FK,Faucet,Kitchen ,12104,0.0,8.07,1,60.0,1,1
2097,2025-02-08 03:31:15.938000+00:00,FW46-BA1-F,Faucet,Bathroom 1st floor - main,14987,1.0,9.991,1,104.5,1,1
2928,2025-02-08 08:43:27.169000+00:00,FW24-KT1-W,Laundry,Kitchen,15184,0.0,10.122,0,60.25,1,1
2098,2025-02-08 09:17:53.180000+00:00,FW46-BA1-T,WC,Bathroom 1st floor - main,12508,1.0,8.339,0,57.5,1,1
2109,2025-02-08 10:57:30.400000+00:00,FW63-KT1-W,Laundry,Kitchen - utility room ,14471,1.0,9.647,0,58.75,1,1
2109,2025-02-08 10:58:30.390000+00:00,FW63-KT1-W,Laundry,Kitchen - utility room ,13131,0.0,8.754,0,54.75,1,1
2149,2025-02-08 11:59:19.476000+00:00,FW30-BA1-T,WC,Bathroom - 2nd floor,14274,1.0,9.516,0,49.25,1,1
3154,2025-02-08 10:36:48.334000+00:00,FW10-KT-FK,Faucet,Kitchen,12595,1.0,8.397,1,56.5,1,1
3192,2025-02-08 09:42:31.162000+00:00,FW29-KT-WMb,Laundry,Kitchen,11771,0.0,7.848,0,60.0,1,1
3192,2025-02-08 09:54:31.112000+00:00,FW29-KT-WMb,Laundry,Kitchen,12022,0.0,8.015,0,60.0,1,1
2812,2025-02-08 13:40:51.159000+00:00,FW65-KT1-W,Laundry,Washing machine ,11703,3.0,7.802,0,40.0,1,1
2812,2025-02-08 14:25:50.947000+00:00,FW65-KT1-W,Laundry,Washing machine ,16895,0.0,11.264,0,56.5,1,1
2812,2025-02-08 14:37:50.877000+00:00,FW65-KT1-W,Laundry,Washing machine ,15543,1.0,10.362,0,45.25,1,1
2147,2025-02-08 17:09:52.829000+00:00,FW30-KT1-FK,Faucet,Kitchen,12204,1.0,8.136,1,40.75,1,1
2758,2025-02-08 09:25:30.035000+00:00,FW59-BA1-S,Shower,Shower,13826,0.0,9.217,1,59.75,1,1
2758,2025-02-08 09:26:29.993000+00:00,FW59-BA1-S,Shower,Shower,14189,0.0,9.459,1,60.0,1,1
2758,2025-02-08 09:27:29.993000+00:00,FW59-BA1-S,Shower,Shower,14213,0.0,9.476,1,60.0,1,1
2758,2025-02-08 09:28:29.961000+00:00,FW59-BA1-S,Shower,Shower,14135,0.0,9.423,1,60.25,1,1
2758,2025-02-08 09:29:29.961000+00:00,FW59-BA1-S,Shower,Shower,14181,0.0,9.454,1,59.75,1,1
2120,2025-02-08 12:32:29.815000+00:00,FW03-KT1-W,Laundry,Kitchen - utility room ,11142,7.0,7.428,0,40.75,2,1
2807,2025-02-08 18:43:35.356000+00:00,FW19-KT1-FK,Faucet,Kitchen sink cold,13576,4.0,9.051,0,59.0,1,1
2806,2025-02-08 17:34:21.868000+00:00,FW19-KT1-D,Dishwasher,Dishwasher ,11269,2.0,7.513,0,195.0,1,1
2101,2025-02-08 17:58:16.532000+00:00,FW46-KT1-FK,Faucet,Kitchen,262473,71.0,174.982,1,1369.5,1,1
2101,2025-02-08 17:59:16.532000+00:00,FW46-KT1-FK,Faucet,Kitchen,12312,0.0,8.208,1,60.0,1,1
2101,2025-02-08 20:20:22.907000+00:00,FW46-KT1-FK,Faucet,Kitchen,14359,16.0,9.572,1,107.25,1,1
2736,2025-02-09 13:04:00.227000+00:00,FW43-KT1-FK,Faucet,Kitchen ,11996,0.0,7.997,1,60.0,1,1
3484,2025-02-09 10:31:01.025000+00:00,FW46-KT-W2,Laundry,Kitchen,14518,5.0,9.678,0,85.75,1,1
3484,2025-02-09 19:38:58.278000+00:00,FW46-KT-W2,Laundry,Kitchen,12205,29.0,8.137,0,882.0,1,1
3484,2025-02-09 21:02:57.844000+00:00,FW46-KT-W2,Laundry,Kitchen,16902,0.0,11.268,0,85.25,1,1
3031,2025-02-09 08:39:52.938000+00:00,FW67-KT1-W,Laundry,Kitchen,12704,0.0,8.469,0,60.25,1,1
3031,2025-02-09 08:52:52.878000+00:00,FW67-KT1-W,Laundry,Kitchen,12640,0.0,8.426,0,60.0,1,1
3031,2025-02-09 09:00:52.837000+00:00,FW67-KT1-W,Laundry,Kitchen,13098,0.0,8.732,0,60.0,1,1
2147,2025-02-09 09:54:46.692000+00:00,FW30-KT1-FK,Faucet,Kitchen,16173,0.0,10.782,1,58.75,1,1
2829,2025-02-09 09:29:17.669000+00:00,FW81-KT1-W,Laundry,Kitchen - utility room ,12228,0.0,8.152,0,56.25,1,1
2829,2025-02-09 10:03:17.523000+00:00,FW81-KT1-W,Laundry,Kitchen - utility room ,11291,1.0,7.527,0,51.25,1,1
2829,2025-02-09 10:04:17.523000+00:00,FW81-KT1-W,Laundry,Kitchen - utility room ,12794,0.0,8.529,0,57.5,1,1
2829,2025-02-09 10:08:17.488000+00:00,FW81-KT1-W,Laundry,Kitchen - utility room ,12404,0.0,8.269,0,57.25,1,1
2829,2025-02-09 10:14:17.476000+00:00,FW81-KT1-W,Laundry,Kitchen - utility room ,14180,0.0,9.453,0,60.0,1,1
2246,2025-02-09 00:09:02.905000+00:00,FW12-KT1-W,Laundry,Kitchen - utility room ,12848,1.0,8.565,0,40.75,1,1
2246,2025-02-09 00:10:02.886000+00:00,FW12-KT1-W,Laundry,Kitchen - utility room ,11490,0.0,7.66,0,36.0,1,1
2246,2025-02-09 15:45:58.785000+00:00,FW12-KT1-W,Laundry,Kitchen - utility room ,14688,0.0,9.792,0,49.0,1,1
2246,2025-02-09 16:05:58.704000+00:00,FW12-KT1-W,Laundry,Kitchen - utility room ,16062,1.0,10.708,0,51.75,1,1
2246,2025-02-09 16:06:58.704000+00:00,FW12-KT1-W,Laundry,Kitchen - utility room ,13696,0.0,9.13,0,44.75,1,1
2246,2025-02-09 19:02:57.914000+00:00,FW12-KT1-W,Laundry,Kitchen - utility room ,16690,0.0,11.126,0,56.0,1,1
2246,2025-02-09 19:23:57.820000+00:00,FW12-KT1-W,Laundry,Kitchen - utility room ,15024,0.0,10.016,0,60.0,1,1
2246,2025-02-09 19:30:57.799000+00:00,FW12-KT1-W,Laundry,Kitchen - utility room ,16712,0.0,11.141,0,59.75,1,1
3020,2025-02-09 08:00:08.101000+00:00,FW69-KT-W,Laundry,Kitchen,11619,1.0,7.746,0,56.25,1,1
3020,2025-02-09 08:27:07.980000+00:00,FW69-KT-W,Laundry,Kitchen,11140,1.0,7.426,0,54.0,1,1
2251,2025-02-09 13:14:44.563000+00:00,FW66-KT1-W,Laundry,Kitchen - utility room ,13488,1.0,8.992,0,57.0,1,1
2251,2025-02-09 14:23:44.154000+00:00,FW66-KT1-W,Laundry,Kitchen - utility room ,12531,1.0,8.354,0,53.75,1,1
2251,2025-02-09 14:35:44.092000+00:00,FW66-KT1-W,Laundry,Kitchen - utility room ,14031,0.0,9.354,0,60.25,1,1
2251,2025-02-09 14:48:44.009000+00:00,FW66-KT1-W,Laundry,Kitchen - utility room ,13166,0.0,8.778,0,56.5,1,1
2149,2025-02-09 10:49:12.761000+00:00,FW30-BA1-T,WC,Bathroom - 2nd floor,11444,1.0,7.629,0,38.5,1,1
2109,2025-02-09 20:32:18.219000+00:00,FW63-KT1-W,Laundry,Kitchen - utility room ,14526,0.0,9.684,0,60.25,1,1
2731,2025-02-09 10:48:08.632000+00:00,FW56-KT-FK,Faucet,Kichen,11553,2.0,7.702,1,57.0,1,1
2731,2025-02-09 11:27:08.414000+00:00,FW56-KT-FK,Faucet,Kichen,11290,1.0,7.527,1,55.75,1,1
2731,2025-02-09 12:12:08.182000+00:00,FW56-KT-FK,Faucet,Kichen,12363,0.0,8.242,1,60.0,1,1
2731,2025-02-09 15:12:07.179000+00:00,FW56-KT-FK,Faucet,Kichen,11456,1.0,7.637,1,55.75,1,1
2731,2025-02-09 17:40:06.363000+00:00,FW56-KT-FK,Faucet,Kichen,12534,1.0,8.356,1,59.75,1,1
2928,2025-02-09 11:07:19.838000+00:00,FW24-KT1-W,Laundry,Kitchen,14996,0.0,9.998,0,60.0,1,1
2928,2025-02-09 20:00:17.393000+00:00,FW24-KT1-W,Laundry,Kitchen,11387,0.0,7.591,0,45.5,1,1
3188,2025-02-09 14:35:27.879000+00:00,FW70-KT-WM,Laundry,Kitchen,11461,1.0,7.64,0,49.5,1,1
3188,2025-02-09 14:36:27.874000+00:00,FW70-KT-WM,Laundry,Kitchen,13516,0.0,9.011,0,58.75,1,1
3188,2025-02-09 14:47:27.838000+00:00,FW70-KT-WM,Laundry,Kitchen,11493,1.0,7.662,0,46.25,1,1
2726,2025-02-09 07:49:08.069000+00:00,FW53-BA1-T,WC,Bathroom 1st floor,13768,2.0,9.178,0,46.25,1,1
2157,2025-02-09 12:05:38.766000+00:00,FW41-KT1-W,Laundry,Utility room,11451,1.0,7.634,0,43.0,1,1
2157,2025-02-09 12:14:38.718000+00:00,FW41-KT1-W,Laundry,Utility room,11251,1.0,7.501,0,42.0,1,1
2806,2025-02-09 20:03:29.302000+00:00,FW19-KT1-D,Dishwasher,Dishwasher ,32672,6.0,21.782,0,571.0,1,1
2732,2025-02-09 10:42:44.162000+00:00,FW56-KT-W,Laundry,Kitchen,11209,0.0,7.473,0,59.75,1,1
2812,2025-02-09 12:07:44.534000+00:00,FW65-KT1-W,Laundry,Washing machine ,17648,0.0,11.766,0,60.25,1,1
2812,2025-02-09 12:22:44.472000+00:00,FW65-KT1-W,Laundry,Washing machine ,12436,1.0,8.29,0,36.25,1,1
2812,2025-02-09 13:35:44.104000+00:00,FW65-KT1-W,Laundry,Washing machine ,12742,1.0,8.494,0,42.75,1,1
2816,2025-02-09 15:13:44.225000+00:00,FW35-KT1-FK,Faucet,Kitchen sink,12265,0.0,8.177,1,60.0,1,1
2101,2025-02-09 06:49:11.893000+00:00,FW46-KT1-FK,Faucet,Kitchen,79132,54.0,52.755,0,497.5,1,1
2101,2025-02-09 09:08:10.925000+00:00,FW46-KT1-FK,Faucet,Kitchen,29490,14.0,19.66,1,149.0,1,1
2101,2025-02-09 13:54:16.417000+00:00,FW46-KT1-FK,Faucet,Kitchen,16853,16.0,11.235,0,91.25,1,1
2101,2025-02-09 17:56:07.682000+00:00,FW46-KT1-FK,Faucet,Kitchen,132788,36.0,88.525,1,779.0,1,1
2101,2025-02-09 18:02:14.878000+00:00,FW46-KT1-FK,Faucet,Kitchen,19357,9.0,12.905,0,138.5,1,1
2101,2025-02-09 19:08:07.241000+00:00,FW46-KT1-FK,Faucet,Kitchen,12741,3.0,8.494,1,98.0,1,1
2101,2025-02-09 19:44:07.021000+00:00,FW46-KT1-FK,Faucet,Kitchen,24947,1.0,16.631,0,121.25,1,1
2101,2025-02-09 20:10:06.848000+00:00,FW46-KT1-FK,Faucet,Kitchen,18300,5.0,12.2,0,84.75,1,1
2103,2025-02-09 10:00:52.768000+00:00,FW46-BA3-T,WC,Bathroom - ground floor,199266,15.0,132.844,0,1551.75,1,1
2103,2025-02-09 12:40:43.655000+00:00,FW46-BA3-T,WC,Bathroom - ground floor,11790,0.0,7.86,0,92.75,1,1
2103,2025-02-09 12:48:51.848000+00:00,FW46-BA3-T,WC,Bathroom - ground floor,23750,1.0,15.833,0,199.5,1,1
2807,2025-02-09 19:25:34.394000+00:00,FW19-KT1-FK,Faucet,Kitchen sink cold,23938,14.0,15.959,0,87.25,1,1
2807,2025-02-10 19:18:10.352000+00:00,FW19-KT1-FK,Faucet,Kitchen sink cold,12162,7.0,8.108,0,34.25,1,1
3190,2025-02-10 18:58:51.461000+00:00,FW29-KT-FK,Faucet,Kitchen,11220,0.0,7.48,1,59.75,1,1
2816,2025-02-10 08:24:39.095000+00:00,FW35-KT1-FK,Faucet,Kitchen sink,13053,0.0,8.702,1,60.0,1,1
2731,2025-02-10 08:42:01.462000+00:00,FW56-KT-FK,Faucet,Kichen,12784,0.0,8.523,1,60.0,1,1
2731,2025-02-10 13:13:59.978000+00:00,FW56-KT-FK,Faucet,Kichen,12301,1.0,8.2,1,57.0,1,1
2731,2025-02-10 13:14:59.968000+00:00,FW56-KT-FK,Faucet,Kichen,12963,0.0,8.642,1,60.0,1,1
2731,2025-02-10 17:37:58.534000+00:00,FW56-KT-FK,Faucet,Kichen,12698,0.0,8.465,1,59.75,1,1
2764,2025-02-10 07:18:38.024000+00:00,FW45-BA1-T,WC,Toilet,16684,0.0,11.123,0,44.5,1,1
2185,2025-02-10 18:13:07.630000+00:00,FW26-KT1-FKb,Faucet,Kitchen,11754,2.0,7.836,1,107.75,1,1
2829,2025-02-10 07:42:11.747000+00:00,FW81-KT1-W,Laundry,Kitchen - utility room ,11725,1.0,7.817,0,56.0,1,1
2829,2025-02-10 07:43:11.744000+00:00,FW81-KT1-W,Laundry,Kitchen - utility room ,13448,0.0,8.965,0,59.75,1,1
2829,2025-02-10 07:47:11.731000+00:00,FW81-KT1-W,Laundry,Kitchen - utility room ,12739,0.0,8.493,0,60.25,1,1
2829,2025-02-10 07:53:11.708000+00:00,FW81-KT1-W,Laundry,Kitchen - utility room ,14178,0.0,9.452,0,60.25,1,1
2829,2025-02-10 08:06:11.656000+00:00,FW81-KT1-W,Laundry,Kitchen - utility room ,11637,0.0,7.758,0,53.25,1,1
2829,2025-02-10 08:40:11.507000+00:00,FW81-KT1-W,Laundry,Kitchen - utility room ,13443,0.0,8.962,0,59.75,1,1
2829,2025-02-10 08:44:11.475000+00:00,FW81-KT1-W,Laundry,Kitchen - utility room ,13154,0.0,8.769,0,59.75,1,1
2829,2025-02-10 08:50:11.463000+00:00,FW81-KT1-W,Laundry,Kitchen - utility room ,14295,0.0,9.53,0,60.0,1,1
2829,2025-02-10 09:22:11.317000+00:00,FW81-KT1-W,Laundry,Kitchen - utility room ,13205,0.0,8.803,0,60.0,1,1
2829,2025-02-10 09:26:11.301000+00:00,FW81-KT1-W,Laundry,Kitchen - utility room ,11514,0.0,7.676,0,52.75,1,1
2829,2025-02-10 09:32:11.267000+00:00,FW81-KT1-W,Laundry,Kitchen - utility room ,14131,0.0,9.421,0,60.0,1,1
2829,2025-02-10 10:07:11.116000+00:00,FW81-KT1-W,Laundry,Kitchen - utility room ,14073,0.0,9.382,0,60.0,1,1
3192,2025-02-10 11:53:17.239000+00:00,FW29-KT-WMb,Laundry,Kitchen,11817,0.0,7.878,0,60.0,1,1
3192,2025-02-10 11:54:17.239000+00:00,FW29-KT-WMb,Laundry,Kitchen,11740,0.0,7.826,0,60.0,1,1
3192,2025-02-10 12:03:17.205000+00:00,FW29-KT-WMb,Laundry,Kitchen,11870,0.0,7.913,0,60.25,1,1
2736,2025-02-10 18:22:54.252000+00:00,FW43-KT1-FK,Faucet,Kitchen ,11854,0.0,7.903,1,60.0,1,1
2736,2025-02-10 18:23:54.252000+00:00,FW43-KT1-FK,Faucet,Kitchen ,11796,0.0,7.864,1,60.0,1,1
2130,2025-02-10 12:40:57.199000+00:00,FW42-KT1-W,Laundry,Kitchen - utility room ,14652,1.0,9.768,0,51.5,1,1
2130,2025-02-10 12:41:57.199000+00:00,FW42-KT1-W,Laundry,Kitchen - utility room ,12003,0.0,8.002,0,46.0,1,1
2130,2025-02-10 13:17:56.973000+00:00,FW42-KT1-W,Laundry,Kitchen - utility room ,15818,1.0,10.545,0,54.5,1,1
2130,2025-02-10 13:23:56.940000+00:00,FW42-KT1-W,Laundry,Kitchen - utility room ,17515,0.0,11.677,0,60.0,1,1
2130,2025-02-10 13:28:56.905000+00:00,FW42-KT1-W,Laundry,Kitchen - utility room ,12044,1.0,8.03,0,40.25,1,1
2130,2025-02-10 13:29:56.905000+00:00,FW42-KT1-W,Laundry,Kitchen - utility room ,11730,1.0,7.82,0,40.5,1,1
2130,2025-02-10 15:49:56.090000+00:00,FW42-KT1-W,Laundry,Kitchen - utility room ,17045,0.0,11.363,0,59.75,1,1
2130,2025-02-10 16:16:55.898000+00:00,FW42-KT1-W,Laundry,Kitchen - utility room ,17204,0.0,11.47,0,60.25,1,1
2130,2025-02-10 16:21:55.879000+00:00,FW42-KT1-W,Laundry,Kitchen - utility room ,12476,2.0,8.318,0,42.0,1,1
2130,2025-02-10 16:22:55.868000+00:00,FW42-KT1-W,Laundry,Kitchen - utility room ,13489,0.0,8.992,0,46.75,1,1
2130,2025-02-10 17:15:55.540000+00:00,FW42-KT1-W,Laundry,Kitchen - utility room ,15050,0.0,10.033,0,53.25,1,1
3041,2025-02-10 07:19:04.199000+00:00,FW16-KT-WM,Laundry,Kichen,14687,0.0,9.791,0,60.0,1,1
3041,2025-02-10 07:29:04.134000+00:00,FW16-KT-WM,Laundry,Kichen,12363,2.0,8.242,0,50.0,1,1
3484,2025-02-10 10:56:53.686000+00:00,FW46-KT-W2,Laundry,Kitchen,11934,0.0,7.956,0,60.0,1,1
3484,2025-02-10 12:16:53.304000+00:00,FW46-KT-W2,Laundry,Kitchen,16977,5.0,11.318,0,110.25,1,1
3484,2025-02-10 14:57:52.496000+00:00,FW46-KT-W2,Laundry,Kitchen,12049,0.0,8.033,0,60.0,1,1
2135,2025-02-10 08:34:04.089000+00:00,FW26-BA1-T,WC,Bathroom 1st floor ,12750,1.0,8.5,0,39.75,1,1
2135,2025-02-10 10:49:03.354000+00:00,FW26-BA1-T,WC,Bathroom 1st floor ,15191,1.0,10.127,0,47.0,1,1
2147,2025-02-10 12:15:37.030000+00:00,FW30-KT1-FK,Faucet,Kitchen,14058,1.0,9.372,1,57.25,1,1
2928,2025-02-10 08:35:13.901000+00:00,FW24-KT1-W,Laundry,Kitchen,14111,1.0,9.408,0,55.75,1,1
2246,2025-02-10 14:35:52.779000+00:00,FW12-KT1-W,Laundry,Kitchen - utility room ,18356,1.0,12.237,0,58.75,1,1
2246,2025-02-10 16:50:52.186000+00:00,FW12-KT1-W,Laundry,Kitchen - utility room ,18074,0.0,12.05,0,59.75,1,1
2246,2025-02-10 17:03:52.132000+00:00,FW12-KT1-W,Laundry,Kitchen - utility room ,12545,1.0,8.363,0,40.75,1,1
2246,2025-02-10 17:04:52.132000+00:00,FW12-KT1-W,Laundry,Kitchen - utility room ,15507,0.0,10.338,0,50.75,1,1
3090,2025-02-10 10:31:57.258000+00:00,FW62-KT-WM,Laundry,Kitchen,12381,0.0,8.254,0,60.25,1,1
3090,2025-02-10 10:46:57.190000+00:00,FW62-KT-WM,Laundry,Kitchen,12218,1.0,8.145,0,58.0,1,1
2758,2025-02-10 19:49:13.136000+00:00,FW59-BA1-S,Shower,Shower,14341,0.0,9.561,1,59.75,1,1
2758,2025-02-10 19:50:13.088000+00:00,FW59-BA1-S,Shower,Shower,14421,0.0,9.614,1,60.0,1,1
2758,2025-02-10 19:51:13.088000+00:00,FW59-BA1-S,Shower,Shower,14434,0.0,9.622,1,60.0,1,1
2758,2025-02-10 19:52:13.063000+00:00,FW59-BA1-S,Shower,Shower,14508,0.0,9.672,1,60.0,1,1
2758,2025-02-10 19:53:13.063000+00:00,FW59-BA1-S,Shower,Shower,14553,0.0,9.702,1,60.0,1,1
2157,2025-02-10 10:13:32.700000+00:00,FW41-KT1-W,Laundry,Utility room,16234,0.0,10.823,0,60.25,1,1
2157,2025-02-10 10:22:32.669000+00:00,FW41-KT1-W,Laundry,Utility room,16242,0.0,10.828,0,59.75,1,1
2157,2025-02-10 10:31:32.614000+00:00,FW41-KT1-W,Laundry,Utility room,11337,1.0,7.558,0,40.25,1,1
2097,2025-02-10 04:12:59.998000+00:00,FW46-BA1-F,Faucet,Bathroom 1st floor - main,13092,3.0,8.728,1,65.25,1,1
2097,2025-02-10 17:39:55.437000+00:00,FW46-BA1-F,Faucet,Bathroom 1st floor - main,17755,8.0,11.836,1,139.25,1,1
2101,2025-02-10 06:16:10.353000+00:00,FW46-KT1-FK,Faucet,Kitchen,36348,2.0,24.232,1,163.25,1,1
2101,2025-02-10 12:46:07.964000+00:00,FW46-KT1-FK,Faucet,Kitchen,37794,11.0,25.196,1,207.25,1,1
2101,2025-02-10 18:09:06.141000+00:00,FW46-KT1-FK,Faucet,Kitchen,32876,15.0,21.917,0,149.5,1,1
2101,2025-02-10 18:17:58.666000+00:00,FW46-KT1-FK,Faucet,Kitchen,25603,1.0,17.069,1,140.0,1,1
2101,2025-02-10 19:01:58.385000+00:00,FW46-KT1-FK,Faucet,Kitchen,32906,14.0,21.937,1,197.0,1,1
2101,2025-02-10 19:13:58.309000+00:00,FW46-KT1-FK,Faucet,Kitchen,21628,8.0,14.419,1,132.75,1,1
2101,2025-02-10 21:57:57.306000+00:00,FW46-KT1-FK,Faucet,Kitchen,20740,3.0,13.827,1,107.5,1,1
2186,2025-02-10 08:35:13.037000+00:00,FW23-KT1-FKb,Faucet,Kitchen,28279,3.0,18.852,1,432.5,1,1
2186,2025-02-10 08:35:13.037000+00:00,FW23-KT1-FKb,Faucet,Kitchen,23639,12.0,15.76,0,157.75,1,1
2123,2025-02-10 08:37:23.668000+00:00,FW23-BA1-T,WC,Bathroom 1st floor ,126674,16.0,84.45,0,502.0,1,1
2806,2025-02-10 16:38:05.241000+00:00,FW19-KT1-D,Dishwasher,Dishwasher ,16169,3.0,10.78,0,276.75,1,1
2130,2025-02-11 16:11:47.255000+00:00,FW42-KT1-W,Laundry,Kitchen - utility room ,16965,0.0,11.31,0,60.0,1,1
2130,2025-02-11 16:26:47.162000+00:00,FW42-KT1-W,Laundry,Kitchen - utility room ,11566,1.0,7.71,0,39.75,1,1
2130,2025-02-11 16:27:47.162000+00:00,FW42-KT1-W,Laundry,Kitchen - utility room ,11393,2.0,7.596,0,40.0,1,1
3190,2025-02-11 17:46:44.265000+00:00,FW29-KT-FK,Faucet,Kitchen,11269,1.0,7.513,1,52.25,1,1
2807,2025-02-11 16:19:02.493000+00:00,FW19-KT1-FK,Faucet,Kitchen sink cold,13285,8.0,8.856,0,40.75,1,1
2147,2025-02-11 12:21:28.154000+00:00,FW30-KT1-FK,Faucet,Kitchen,12413,0.0,8.275,1,42.75,1,1
2910,2025-02-11 16:27:29.935000+00:00,FW18-KT1-W,Laundry,Kitchen,12394,0.0,8.263,0,60.25,1,1
2910,2025-02-11 16:28:29.935000+00:00,FW18-KT1-W,Laundry,Kitchen,12164,0.0,8.109,0,59.75,1,1
2910,2025-02-11 16:39:29.868000+00:00,FW18-KT1-W,Laundry,Kitchen,12250,0.0,8.167,0,60.0,1,1
3027,2025-02-11 15:40:21.643000+00:00,FW13-KT-WM,Laundry,Kitchen,25012,0.0,16.674,0,180.0,1,1
2907,2025-02-11 17:39:59.775000+00:00,FW02-KT1-FK,Faucet,Kichen,11822,0.0,7.881,1,60.25,1,1
2246,2025-02-11 09:51:47.696000+00:00,FW12-KT1-W,Laundry,Kitchen - utility room ,14057,0.0,9.371,0,45.5,1,1
2246,2025-02-11 12:10:47.091000+00:00,FW12-KT1-W,Laundry,Kitchen - utility room ,12322,2.0,8.215,0,40.0,1,1
2246,2025-02-11 12:11:47.087000+00:00,FW12-KT1-W,Laundry,Kitchen - utility room ,12574,0.0,8.383,0,41.0,1,1
2246,2025-02-11 12:23:47.023000+00:00,FW12-KT1-W,Laundry,Kitchen - utility room ,13321,1.0,8.88,0,42.75,1,1
2246,2025-02-11 21:44:44.587000+00:00,FW12-KT1-W,Laundry,Kitchen - utility room ,17138,0.0,11.425,0,55.25,1,1
2738,2025-02-11 11:34:18.959000+00:00,FW09-KT1-W,Laundry,Kitchen - utility room ,11817,1.0,7.878,0,60.25,1,1
2738,2025-02-11 11:45:18.908000+00:00,FW09-KT1-W,Laundry,Kitchen - utility room ,11687,1.0,7.791,0,58.25,1,1
2738,2025-02-11 11:46:18.880000+00:00,FW09-KT1-W,Laundry,Kitchen - utility room ,11626,0.0,7.751,0,58.25,1,1
2738,2025-02-11 11:58:18.815000+00:00,FW09-KT1-W,Laundry,Kitchen - utility room ,12107,0.0,8.072,0,59.5,1,1
3484,2025-02-11 11:34:46.329000+00:00,FW46-KT-W2,Laundry,Kitchen,73746,31.0,49.164,0,403.25,1,1
3484,2025-02-11 13:57:45.627000+00:00,FW46-KT-W2,Laundry,Kitchen,12221,0.0,8.147,0,60.0,1,1
3484,2025-02-11 14:15:45.545000+00:00,FW46-KT-W2,Laundry,Kitchen,12905,0.0,8.603,0,59.75,1,1
2731,2025-02-11 06:43:54.305000+00:00,FW56-KT-FK,Faucet,Kichen,12963,0.0,8.642,1,60.0,1,1
2731,2025-02-11 13:45:51.987000+00:00,FW56-KT-FK,Faucet,Kichen,12157,0.0,8.105,1,60.0,1,1
2731,2025-02-11 18:01:50.592000+00:00,FW56-KT-FK,Faucet,Kichen,12719,0.0,8.479,1,60.0,1,1
2731,2025-02-11 19:48:49.999000+00:00,FW56-KT-FK,Faucet,Kichen,12674,0.0,8.449,1,60.0,1,1
2816,2025-02-11 18:47:28.749000+00:00,FW35-KT1-FK,Faucet,Kitchen sink,12490,0.0,8.327,1,60.0,1,1
2816,2025-02-11 18:58:28.731000+00:00,FW35-KT1-FK,Faucet,Kitchen sink,14747,1.0,9.831,1,69.0,1,1
2736,2025-02-11 17:06:49.687000+00:00,FW43-KT1-FK,Faucet,Kitchen ,11839,0.0,7.893,1,60.25,1,1
2736,2025-02-11 17:16:49.661000+00:00,FW43-KT1-FK,Faucet,Kitchen ,11769,0.0,7.846,1,60.25,1,1
3092,2025-02-11 09:50:46.686000+00:00,FW62-BA-F,Faucet,Bathroom,17210,0.0,11.473,1,60.0,1,1
3092,2025-02-11 09:53:46.671000+00:00,FW62-BA-F,Faucet,Bathroom,11636,0.0,7.757,0,60.0,1,1
3090,2025-02-11 12:02:50.128000+00:00,FW62-KT-WM,Laundry,Kitchen,12333,0.0,8.222,0,60.0,1,1
3090,2025-02-11 17:35:48.541000+00:00,FW62-KT-WM,Laundry,Kitchen,12318,0.0,8.212,0,60.25,1,1
2829,2025-02-11 07:39:05.384000+00:00,FW81-KT1-W,Laundry,Kitchen - utility room ,13384,0.0,8.922,0,60.0,1,1
2829,2025-02-11 07:43:05.368000+00:00,FW81-KT1-W,Laundry,Kitchen - utility room ,11222,1.0,7.481,0,51.5,1,1
2829,2025-02-11 07:49:05.349000+00:00,FW81-KT1-W,Laundry,Kitchen - utility room ,13357,1.0,8.904,0,57.0,1,1
2829,2025-02-11 07:50:05.349000+00:00,FW81-KT1-W,Laundry,Kitchen - utility room ,14247,0.0,9.498,0,60.0,1,1
2829,2025-02-11 08:40:05.112000+00:00,FW81-KT1-W,Laundry,Kitchen - utility room ,11533,1.0,7.689,0,52.0,1,1
2829,2025-02-11 08:41:05.108000+00:00,FW81-KT1-W,Laundry,Kitchen - utility room ,11677,0.0,7.784,0,53.5,1,1
2829,2025-02-11 08:44:05.100000+00:00,FW81-KT1-W,Laundry,Kitchen - utility room ,13196,0.0,8.797,0,59.75,1,1
2829,2025-02-11 08:50:05.084000+00:00,FW81-KT1-W,Laundry,Kitchen - utility room ,14255,0.0,9.503,0,60.0,1,1
2829,2025-02-11 09:17:04.942000+00:00,FW81-KT1-W,Laundry,Kitchen - utility room ,13308,0.0,8.872,0,60.25,1,1
2829,2025-02-11 09:26:04.910000+00:00,FW81-KT1-W,Laundry,Kitchen - utility room ,14161,0.0,9.44,0,60.0,1,1
2101,2025-02-11 06:33:54.121000+00:00,FW46-KT1-FK,Faucet,Kitchen,18440,2.0,12.293,1,100.75,1,1
2101,2025-02-11 07:03:53.924000+00:00,FW46-KT1-FK,Faucet,Kitchen,30879,2.0,20.586,1,170.5,1,1
2101,2025-02-11 08:16:00.727000+00:00,FW46-KT1-FK,Faucet,Kitchen,19030,7.0,12.686,0,89.5,1,1
2101,2025-02-11 10:42:59.838000+00:00,FW46-KT1-FK,Faucet,Kitchen,12541,0.0,8.361,1,60.0,1,1
2101,2025-02-11 11:11:52.396000+00:00,FW46-KT1-FK,Faucet,Kitchen,106870,1.0,71.247,1,503.75,1,1
2101,2025-02-11 16:39:57.635000+00:00,FW46-KT1-FK,Faucet,Kitchen,21818,3.0,14.545,1,106.5,1,1
2101,2025-02-11 22:59:48.034000+00:00,FW46-KT1-FK,Faucet,Kitchen,25005,18.0,16.67,0,150.0,1,1
2101,2025-02-11 23:03:55.430000+00:00,FW46-KT1-FK,Faucet,Kitchen,64086,26.0,42.724,1,334.5,1,1
2103,2025-02-11 07:32:29.425000+00:00,FW46-BA3-T,WC,Bathroom - ground floor,91368,8.0,60.912,0,735.0,1,1
2103,2025-02-11 16:05:42.101000+00:00,FW46-BA3-T,WC,Bathroom - ground floor,48049,3.0,32.033,0,374.25,1,1
2103,2025-02-11 17:07:25.943000+00:00,FW46-BA3-T,WC,Bathroom - ground floor,12529,0.0,8.353,0,101.0,1,1
2120,2025-02-11 18:13:00.232000+00:00,FW03-KT1-W,Laundry,Kitchen - utility room ,45053,18.0,30.035,0,164.75,2,1
2246,2025-02-12 00:05:43.958000+00:00,FW12-KT1-W,Laundry,Kitchen - utility room ,18734,0.0,12.49,0,60.0,1,1
2246,2025-02-12 00:18:43.900000+00:00,FW12-KT1-W,Laundry,Kitchen - utility room ,18774,1.0,12.516,0,60.0,1,1
2246,2025-02-12 19:33:38.826000+00:00,FW12-KT1-W,Laundry,Kitchen - utility room ,17801,0.0,11.867,0,60.0,1,1
2246,2025-02-12 19:39:38.809000+00:00,FW12-KT1-W,Laundry,Kitchen - utility room ,18415,0.0,12.277,0,60.25,1,1
2731,2025-02-12 05:51:46.726000+00:00,FW56-KT-FK,Faucet,Kichen,13202,0.0,8.802,1,60.0,1,1
2731,2025-02-12 12:12:44.656000+00:00,FW56-KT-FK,Faucet,Kichen,12027,1.0,8.018,1,56.5,1,1
2731,2025-02-12 17:19:43.013000+00:00,FW56-KT-FK,Faucet,Kichen,12590,0.0,8.393,1,59.75,1,1
2731,2025-02-12 18:30:42.603000+00:00,FW56-KT-FK,Faucet,Kichen,12437,0.0,8.291,1,60.0,1,1
2147,2025-02-12 12:02:19.414000+00:00,FW30-KT1-FK,Faucet,Kitchen,12621,1.0,8.414,1,58.75,1,1
2732,2025-02-12 10:03:23.053000+00:00,FW56-KT-W,Laundry,Kitchen,11531,1.0,7.687,0,59.75,1,1
3041,2025-02-12 13:49:45.880000+00:00,FW16-KT-WM,Laundry,Kichen,14732,0.0,9.821,0,60.0,1,1
3041,2025-02-12 13:50:45.880000+00:00,FW16-KT-WM,Laundry,Kichen,12582,0.0,8.388,0,52.5,1,1
3041,2025-02-12 14:01:45.808000+00:00,FW16-KT-WM,Laundry,Kichen,14063,1.0,9.376,0,57.75,1,1
3188,2025-02-12 09:18:10.021000+00:00,FW70-KT-WM,Laundry,Kitchen,11708,1.0,7.805,0,51.75,1,1
3188,2025-02-12 14:21:08.681000+00:00,FW70-KT-WM,Laundry,Kitchen,13716,0.0,9.144,0,60.0,1,1
3092,2025-02-12 09:11:40.397000+00:00,FW62-BA-F,Faucet,Bathroom,12487,0.0,8.325,1,40.0,1,1
3092,2025-02-12 09:46:40.261000+00:00,FW62-BA-F,Faucet,Bathroom,11366,0.0,7.577,0,59.75,1,1
3092,2025-02-12 09:47:40.237000+00:00,FW62-BA-F,Faucet,Bathroom,11307,0.0,7.538,0,60.25,1,1
3031,2025-02-12 21:29:27.379000+00:00,FW67-KT1-W,Laundry,Kitchen,11947,2.0,7.965,0,57.75,1,1
3031,2025-02-12 21:30:27.379000+00:00,FW67-KT1-W,Laundry,Kitchen,12464,0.0,8.309,0,59.75,1,1
3031,2025-02-12 21:36:27.346000+00:00,FW67-KT1-W,Laundry,Kitchen,12978,1.0,8.652,0,58.75,1,1
3031,2025-02-12 21:37:27.345000+00:00,FW67-KT1-W,Laundry,Kitchen,13251,0.0,8.834,0,60.0,1,1
2928,2025-02-12 18:48:57.751000+00:00,FW24-KT1-W,Laundry,Kitchen,14949,0.0,9.966,0,60.0,1,1
2758,2025-02-12 08:25:02.466000+00:00,FW59-BA1-S,Shower,Shower,14398,0.0,9.599,1,60.0,1,1
2758,2025-02-12 08:26:02.410000+00:00,FW59-BA1-S,Shower,Shower,14448,0.0,9.632,1,60.0,1,1
2758,2025-02-12 08:27:02.410000+00:00,FW59-BA1-S,Shower,Shower,14363,0.0,9.575,1,60.0,1,1
2758,2025-02-12 08:28:02.441000+00:00,FW59-BA1-S,Shower,Shower,11410,0.0,7.607,1,48.5,1,1
2829,2025-02-12 07:51:58.945000+00:00,FW81-KT1-W,Laundry,Kitchen - utility room ,11378,1.0,7.586,0,51.0,1,1
2829,2025-02-12 08:06:58.876000+00:00,FW81-KT1-W,Laundry,Kitchen - utility room ,13288,0.0,8.859,0,60.25,1,1
2829,2025-02-12 08:10:58.863000+00:00,FW81-KT1-W,Laundry,Kitchen - utility room ,13180,0.0,8.787,0,60.0,1,1
2829,2025-02-12 08:15:58.832000+00:00,FW81-KT1-W,Laundry,Kitchen - utility room ,12279,1.0,8.186,0,52.75,1,1
2829,2025-02-12 08:16:58.823000+00:00,FW81-KT1-W,Laundry,Kitchen - utility room ,14195,0.0,9.463,0,60.25,1,1
3484,2025-02-12 21:00:36.375000+00:00,FW46-KT-W2,Laundry,Kitchen,11401,1.0,7.6,0,56.25,1,1
3190,2025-02-12 05:49:40.441000+00:00,FW29-KT-FK,Faucet,Kitchen,13271,1.0,8.847,1,59.25,1,1
2816,2025-02-12 18:53:21.547000+00:00,FW35-KT1-FK,Faucet,Kitchen sink,13564,1.0,9.043,1,58.25,1,1
2097,2025-02-12 17:40:39.878000+00:00,FW46-BA1-F,Faucet,Bathroom 1st floor - main,13049,14.0,8.7,1,91.0,1,1
2103,2025-02-12 03:21:38.338000+00:00,FW46-BA3-T,WC,Bathroom - ground floor,13331,1.0,8.887,0,98.75,1,1
2103,2025-02-12 18:39:25.371000+00:00,FW46-BA3-T,WC,Bathroom - ground floor,13318,1.0,8.879,0,122.0,1,1
2101,2025-02-12 06:36:52.475000+00:00,FW46-KT1-FK,Faucet,Kitchen,12847,0.0,8.565,1,59.75,1,1
2101,2025-02-12 13:59:42.484000+00:00,FW46-KT1-FK,Faucet,Kitchen,64971,10.0,43.314,1,317.0,1,1
2101,2025-02-12 14:50:42.263000+00:00,FW46-KT1-FK,Faucet,Kitchen,17529,15.0,11.686,0,122.5,1,1
2101,2025-02-12 21:15:39.785000+00:00,FW46-KT1-FK,Faucet,Kitchen,16936,3.0,11.291,1,79.25,1,1
2101,2025-02-12 21:41:39.627000+00:00,FW46-KT1-FK,Faucet,Kitchen,14942,7.0,9.962,0,69.0,1,1
2101,2025-02-12 22:18:39.510000+00:00,FW46-KT1-FK,Faucet,Kitchen,19643,4.0,13.096,1,109.5,1,1
2100,2025-02-12 21:23:37.686000+00:00,FW46-BA2-T,WC,Bathroom 1st floor - ensuite ,28024,5.0,18.683,0,152.5,1,1
2118,2025-02-13 18:10:29.891000+00:00,FW03-KT1-FK,Faucet,Kitchen,11577,4.0,7.718,1,82.75,1,1
2147,2025-02-13 12:46:10.369000+00:00,FW30-KT1-FK,Faucet,Kitchen,12053,1.0,8.036,1,43.25,1,1
2147,2025-02-13 17:48:08.495000+00:00,FW30-KT1-FK,Faucet,Kitchen,12434,0.0,8.289,1,60.0,1,1
2103,2025-02-13 10:37:12.192000+00:00,FW46-BA3-T,WC,Bathroom - ground floor,13075,0.0,8.717,0,98.25,1,1
2729,2025-02-13 10:34:13.860000+00:00,FW34-KT1-W,Laundry,Kitchen - utility room ,11428,0.0,7.619,0,60.0,1,1
2251,2025-02-13 16:34:10.468000+00:00,FW66-KT1-W,Laundry,Kitchen - utility room ,14205,0.0,9.47,0,60.0,1,1
2251,2025-02-13 16:47:10.420000+00:00,FW66-KT1-W,Laundry,Kitchen - utility room ,13143,1.0,8.762,0,55.75,1,1
3092,2025-02-13 08:05:34.237000+00:00,FW62-BA-F,Faucet,Bathroom,13270,1.0,8.846,1,48.25,1,1
3031,2025-02-13 23:25:19.541000+00:00,FW67-KT1-W,Laundry,Kitchen,11818,0.0,7.878,0,56.5,1,1
3031,2025-02-13 23:33:19.518000+00:00,FW67-KT1-W,Laundry,Kitchen,11358,1.0,7.572,0,51.5,1,1
2816,2025-02-13 21:35:13.501000+00:00,FW35-KT1-FK,Faucet,Kitchen sink,12246,0.0,8.164,1,60.0,1,1
2736,2025-02-13 18:19:39.855000+00:00,FW43-KT1-FK,Faucet,Kitchen ,11682,0.0,7.788,1,59.75,1,1
2829,2025-02-13 07:51:52.569000+00:00,FW81-KT1-W,Laundry,Kitchen - utility room ,13326,0.0,8.884,0,59.75,1,1
2829,2025-02-13 07:55:52.542000+00:00,FW81-KT1-W,Laundry,Kitchen - utility room ,13169,0.0,8.779,0,59.75,1,1
2829,2025-02-13 08:00:52.526000+00:00,FW81-KT1-W,Laundry,Kitchen - utility room ,12927,1.0,8.618,0,55.5,1,1
2829,2025-02-13 08:01:52.526000+00:00,FW81-KT1-W,Laundry,Kitchen - utility room ,13592,0.0,9.061,0,57.5,1,1
2829,2025-02-13 08:20:52.435000+00:00,FW81-KT1-W,Laundry,Kitchen - utility room ,13394,0.0,8.93,0,60.0,1,1
2829,2025-02-13 08:34:52.373000+00:00,FW81-KT1-W,Laundry,Kitchen - utility room ,12751,1.0,8.5,0,57.75,1,1
2829,2025-02-13 08:38:52.360000+00:00,FW81-KT1-W,Laundry,Kitchen - utility room ,13115,0.0,8.744,0,60.0,1,1
2829,2025-02-13 08:44:52.321000+00:00,FW81-KT1-W,Laundry,Kitchen - utility room ,14310,0.0,9.54,0,60.0,1,1
2246,2025-02-13 20:03:32.357000+00:00,FW12-KT1-W,Laundry,Kitchen - utility room ,11744,2.0,7.829,0,39.5,1,1
2246,2025-02-13 21:06:32.084000+00:00,FW12-KT1-W,Laundry,Kitchen - utility room ,18318,0.0,12.212,0,59.75,1,1
2246,2025-02-13 21:07:32.077000+00:00,FW12-KT1-W,Laundry,Kitchen - utility room ,11143,0.0,7.428,0,37.0,1,1
2246,2025-02-13 21:15:32.048000+00:00,FW12-KT1-W,Laundry,Kitchen - utility room ,18494,0.0,12.33,0,60.0,1,1
2731,2025-02-13 06:43:38.632000+00:00,FW56-KT-FK,Faucet,Kichen,12847,0.0,8.565,1,59.75,1,1
2731,2025-02-13 12:48:36.610000+00:00,FW56-KT-FK,Faucet,Kichen,12557,0.0,8.372,1,60.0,1,1
2731,2025-02-13 17:57:34.946000+00:00,FW56-KT-FK,Faucet,Kichen,12749,1.0,8.5,1,59.5,1,1
2731,2025-02-13 17:58:34.938000+00:00,FW56-KT-FK,Faucet,Kichen,12859,0.0,8.572,1,60.25,1,1
2101,2025-02-13 06:21:36.434000+00:00,FW46-KT1-FK,Faucet,Kitchen,12992,1.0,8.661,1,59.5,1,1
2101,2025-02-13 06:22:36.434000+00:00,FW46-KT1-FK,Faucet,Kitchen,13113,0.0,8.742,1,60.0,1,1
2101,2025-02-13 07:34:36.065000+00:00,FW46-KT1-FK,Faucet,Kitchen,20836,3.0,13.89,1,112.5,1,1
2101,2025-02-13 19:25:31.609000+00:00,FW46-KT1-FK,Faucet,Kitchen,13423,0.0,8.949,1,60.25,1,1
2807,2025-02-13 05:50:49.045000+00:00,FW19-KT1-FK,Faucet,Kitchen sink cold,12812,10.0,8.541,0,60.75,1,1
2807,2025-02-13 22:02:51.148000+00:00,FW19-KT1-FK,Faucet,Kitchen sink cold,21706,9.0,14.471,0,75.25,1,1
3045,2025-02-13 15:59:16.926000+00:00,FW58-KT-WM,Laundry,Kitchen,361732,54.0,241.155,0,1447.75,1,1
3046,2025-02-13 16:04:26.254000+00:00,FW58-KT-FK,Faucet,Kichen,350985,236.0,233.99,1,3524.5,1,1
3046,2025-02-13 16:04:26.254000+00:00,FW58-KT-FK,Faucet,Kichen,174610,321.0,116.407,0,1700.75,1,1
3044,2025-02-13 16:10:58.507000+00:00,FW58-KT-DW,Dishwasher,Kitchen,69603,28.0,46.402,0,526.0,1,1
2149,2025-02-14 10:50:37.415000+00:00,FW30-BA1-T,WC,Bathroom - 2nd floor,12908,0.0,8.606,0,43.0,1,1
2251,2025-02-14 18:48:01.491000+00:00,FW66-KT1-W,Laundry,Kitchen - utility room ,11377,1.0,7.585,0,48.75,1,1
2251,2025-02-14 18:52:01.455000+00:00,FW66-KT1-W,Laundry,Kitchen - utility room ,12911,1.0,8.607,0,54.25,1,1
2251,2025-02-14 19:01:01.402000+00:00,FW66-KT1-W,Laundry,Kitchen - utility room ,13914,1.0,9.276,0,58.0,1,1
2252,2025-02-14 06:16:26.233000+00:00,FW05-KT1-W,Laundry,Utility room ,13059,1.0,8.706,0,54.0,1,1
2252,2025-02-14 06:17:26.240000+00:00,FW05-KT1-W,Laundry,Utility room ,11465,0.0,7.644,0,48.25,1,1
2109,2025-02-14 08:46:39.039000+00:00,FW63-KT1-W,Laundry,Kitchen - utility room ,14607,0.0,9.738,0,59.75,1,1
2812,2025-02-14 10:00:09.820000+00:00,FW65-KT1-W,Laundry,Washing machine ,13192,2.0,8.795,0,45.5,1,1
2812,2025-02-14 10:57:09.516000+00:00,FW65-KT1-W,Laundry,Washing machine ,16919,0.0,11.279,0,56.75,1,1
2812,2025-02-14 11:10:09.465000+00:00,FW65-KT1-W,Laundry,Washing machine ,12488,0.0,8.326,0,36.25,1,1
2812,2025-02-14 15:18:08.234000+00:00,FW65-KT1-W,Laundry,Washing machine ,12826,3.0,8.55,0,43.5,1,1
2812,2025-02-14 15:59:08.029000+00:00,FW65-KT1-W,Laundry,Washing machine ,17813,0.0,11.875,0,60.0,1,1
2812,2025-02-14 16:10:07.973000+00:00,FW65-KT1-W,Laundry,Washing machine ,14011,0.0,9.341,0,40.5,1,1
2097,2025-02-14 04:06:28.589000+00:00,FW46-BA1-F,Faucet,Bathroom 1st floor - main,20677,32.0,13.784,1,261.25,1,1
3484,2025-02-14 08:35:25.826000+00:00,FW46-KT-W2,Laundry,Kitchen,11579,0.0,7.719,0,60.0,1,1
3484,2025-02-14 11:34:24.950000+00:00,FW46-KT-W2,Laundry,Kitchen,11644,0.0,7.763,0,60.25,1,1
3484,2025-02-14 12:25:24.703000+00:00,FW46-KT-W2,Laundry,Kitchen,11298,0.0,7.532,0,60.0,1,1
2101,2025-02-14 06:39:27.465000+00:00,FW46-KT1-FK,Faucet,Kitchen,29480,3.0,19.653,1,159.25,1,1
2101,2025-02-14 10:23:26.060000+00:00,FW46-KT1-FK,Faucet,Kitchen,11333,0.0,7.555,1,60.0,1,1
2101,2025-02-14 17:39:23.385000+00:00,FW46-KT1-FK,Faucet,Kitchen,11134,0.0,7.423,1,60.0,1,1
2736,2025-02-14 17:42:35.184000+00:00,FW43-KT1-FK,Faucet,Kitchen ,11903,0.0,7.935,1,60.0,1,1
2736,2025-02-14 17:43:35.184000+00:00,FW43-KT1-FK,Faucet,Kitchen ,11894,0.0,7.929,1,60.0,1,1
2731,2025-02-14 06:18:30.941000+00:00,FW56-KT-FK,Faucet,Kichen,13105,0.0,8.737,1,60.0,1,1
2731,2025-02-14 17:25:27.341000+00:00,FW56-KT-FK,Faucet,Kichen,12917,0.0,8.611,1,60.0,1,1
2829,2025-02-14 10:11:45.563000+00:00,FW81-KT1-W,Laundry,Kitchen - utility room ,12004,0.0,8.003,0,55.0,1,1
2829,2025-02-14 10:25:45.520000+00:00,FW81-KT1-W,Laundry,Kitchen - utility room ,13277,0.0,8.852,0,59.75,1,1
2829,2025-02-14 10:29:45.486000+00:00,FW81-KT1-W,Laundry,Kitchen - utility room ,13155,0.0,8.77,0,59.75,1,1
2829,2025-02-14 10:34:45.452000+00:00,FW81-KT1-W,Laundry,Kitchen - utility room ,11595,2.0,7.73,0,50.75,1,1
2829,2025-02-14 10:35:45.452000+00:00,FW81-KT1-W,Laundry,Kitchen - utility room ,14161,0.0,9.441,0,60.0,1,1
2727,2025-02-14 21:00:02.419000+00:00,FW53-BA1-F,Faucet,Bathroom - 1st floor,11514,0.0,7.676,1,59.75,1,1
2806,2025-02-14 15:29:47.630000+00:00,FW19-KT1-D,Dishwasher,Dishwasher ,140237,34.0,93.491,0,2426.0,1,1
2812,2025-02-15 11:49:02.191000+00:00,FW65-KT1-W,Laundry,Washing machine ,13319,0.0,8.879,0,45.0,1,1
2812,2025-02-15 12:03:02.124000+00:00,FW65-KT1-W,Laundry,Washing machine ,12449,1.0,8.299,0,36.75,1,1
2812,2025-02-15 16:19:00.877000+00:00,FW65-KT1-W,Laundry,Washing machine ,17883,0.0,11.922,0,60.0,1,1
2758,2025-02-15 09:37:40.940000+00:00,FW59-BA1-S,Shower,Shower,13849,0.0,9.233,1,60.25,1,1
2758,2025-02-15 09:38:40.940000+00:00,FW59-BA1-S,Shower,Shower,14030,0.0,9.353,1,59.75,1,1
2758,2025-02-15 09:39:40.932000+00:00,FW59-BA1-S,Shower,Shower,13905,0.0,9.27,1,60.25,1,1
2816,2025-02-15 09:38:02.715000+00:00,FW35-KT1-FK,Faucet,Kitchen sink,12639,0.0,8.426,1,60.0,1,1
2816,2025-02-15 09:39:02.715000+00:00,FW35-KT1-FK,Faucet,Kitchen sink,15237,0.0,10.158,1,60.0,1,1
2816,2025-02-15 15:47:00.876000+00:00,FW35-KT1-FK,Faucet,Kitchen sink,12924,0.0,8.616,1,59.75,1,1
2731,2025-02-15 06:23:23.126000+00:00,FW56-KT-FK,Faucet,Kichen,13187,0.0,8.792,1,60.0,1,1
2731,2025-02-15 10:16:21.843000+00:00,FW56-KT-FK,Faucet,Kichen,11246,1.0,7.497,1,53.0,1,1
2731,2025-02-15 10:17:21.843000+00:00,FW56-KT-FK,Faucet,Kichen,12703,0.0,8.469,1,60.0,1,1
2910,2025-02-15 17:17:02.688000+00:00,FW18-KT1-W,Laundry,Kitchen,12266,0.0,8.177,0,60.0,1,1
2910,2025-02-15 17:18:02.688000+00:00,FW18-KT1-W,Laundry,Kitchen,11507,0.0,7.671,0,57.0,1,1
2910,2025-02-15 17:28:02.635000+00:00,FW18-KT1-W,Laundry,Kitchen,11642,1.0,7.761,0,56.0,1,1
2910,2025-02-15 17:29:02.629000+00:00,FW18-KT1-W,Laundry,Kitchen,11562,0.0,7.708,0,57.5,1,1
2101,2025-02-15 09:24:17.561000+00:00,FW46-KT1-FK,Faucet,Kitchen,11730,1.0,7.82,1,56.0,1,1
2101,2025-02-15 11:35:16.751000+00:00,FW46-KT1-FK,Faucet,Kitchen,21068,1.0,14.045,1,112.75,1,1
2101,2025-02-15 12:57:16.258000+00:00,FW46-KT1-FK,Faucet,Kitchen,14695,1.0,9.797,1,67.0,1,1
2101,2025-02-15 14:17:15.755000+00:00,FW46-KT1-FK,Faucet,Kitchen,12869,0.0,8.579,1,60.0,1,1
2101,2025-02-15 16:51:14.801000+00:00,FW46-KT1-FK,Faucet,Kitchen,19354,2.0,12.903,1,102.75,1,1
2101,2025-02-15 17:39:14.512000+00:00,FW46-KT1-FK,Faucet,Kitchen,11939,0.0,7.959,1,60.25,1,1
2101,2025-02-15 21:25:13.111000+00:00,FW46-KT1-FK,Faucet,Kitchen,13794,0.0,9.196,1,60.0,1,1
2251,2025-02-15 14:06:54.832000+00:00,FW66-KT1-W,Laundry,Kitchen - utility room ,11441,1.0,7.627,0,48.5,1,1
2251,2025-02-15 14:07:54.832000+00:00,FW66-KT1-W,Laundry,Kitchen - utility room ,11929,0.0,7.953,0,51.5,1,1
2251,2025-02-15 14:19:54.770000+00:00,FW66-KT1-W,Laundry,Kitchen - utility room ,12036,0.0,8.024,0,52.0,1,1
3192,2025-02-15 09:06:44.876000+00:00,FW29-KT-WMb,Laundry,Kitchen,11502,1.0,7.668,0,56.25,1,1
3192,2025-02-15 09:07:44.876000+00:00,FW29-KT-WMb,Laundry,Kitchen,11874,0.0,7.916,0,59.75,1,1
3192,2025-02-15 09:19:44.813000+00:00,FW29-KT-WMb,Laundry,Kitchen,11995,0.0,7.996,0,59.75,1,1
3484,2025-02-15 13:56:17.159000+00:00,FW46-KT-W2,Laundry,Kitchen,18829,3.0,12.552,0,103.0,1,1
3484,2025-02-15 21:40:14.868000+00:00,FW46-KT-W2,Laundry,Kitchen,11407,1.0,7.604,0,52.75,1,1
2736,2025-02-15 10:44:31.752000+00:00,FW43-KT1-FK,Faucet,Kitchen ,11774,0.0,7.85,1,60.25,1,1
2736,2025-02-15 13:01:31.289000+00:00,FW43-KT1-FK,Faucet,Kitchen ,12062,0.0,8.041,1,60.0,1,1
2736,2025-02-15 17:53:30.290000+00:00,FW43-KT1-FK,Faucet,Kitchen ,11698,0.0,7.799,1,60.0,1,1
2736,2025-02-15 17:54:30.276000+00:00,FW43-KT1-FK,Faucet,Kitchen ,11950,0.0,7.967,1,60.25,1,1
2928,2025-02-15 11:30:39.814000+00:00,FW24-KT1-W,Laundry,Kitchen,14224,0.0,9.483,0,56.5,1,1
2928,2025-02-15 14:23:39.005000+00:00,FW24-KT1-W,Laundry,Kitchen,13923,1.0,9.282,0,53.75,1,1
2729,2025-02-15 19:56:56.678000+00:00,FW34-KT1-W,Laundry,Kitchen - utility room ,11782,0.0,7.855,0,60.25,1,1
2098,2025-02-15 18:33:06.798000+00:00,FW46-BA1-T,WC,Bathroom 1st floor - main,51221,8.0,34.148,0,254.25,1,1
2246,2025-02-15 11:59:21.803000+00:00,FW12-KT1-W,Laundry,Kitchen - utility room ,11242,0.0,7.495,0,37.25,1,1
2246,2025-02-15 14:21:21.190000+00:00,FW12-KT1-W,Laundry,Kitchen - utility room ,18327,0.0,12.218,0,60.25,1,1
2246,2025-02-15 14:34:21.126000+00:00,FW12-KT1-W,Laundry,Kitchen - utility room ,18492,0.0,12.328,0,59.75,1,1
2246,2025-02-15 19:03:19.935000+00:00,FW12-KT1-W,Laundry,Kitchen - utility room ,12469,2.0,8.313,0,40.5,1,1
2246,2025-02-15 21:39:19.258000+00:00,FW12-KT1-W,Laundry,Kitchen - utility room ,16320,0.0,10.88,0,53.75,1,1
2246,2025-02-15 22:01:19.169000+00:00,FW12-KT1-W,Laundry,Kitchen - utility room ,14294,1.0,9.53,0,45.75,1,1
2246,2025-02-15 22:14:19.100000+00:00,FW12-KT1-W,Laundry,Kitchen - utility room ,18841,0.0,12.561,0,59.75,1,1
2723,2025-02-15 11:41:08.110000+00:00,FW53-KT1-W,Laundry,Kitchen ,11335,0.0,7.557,0,60.25,1,1
2723,2025-02-15 12:28:07.882000+00:00,FW53-KT1-W,Laundry,Kitchen ,11236,0.0,7.49,0,59.75,1,1
2103,2025-02-15 10:36:56.436000+00:00,FW46-BA3-T,WC,Bathroom - ground floor,12729,0.0,8.486,0,101.75,1,1
2103,2025-02-15 11:33:56.443000+00:00,FW46-BA3-T,WC,Bathroom - ground floor,12469,1.0,8.313,0,119.0,1,1
2103,2025-02-15 17:48:54.070000+00:00,FW46-BA3-T,WC,Bathroom - ground floor,53279,4.0,35.52,0,442.5,1,1
2103,2025-02-15 21:58:52.714000+00:00,FW46-BA3-T,WC,Bathroom - ground floor,39930,3.0,26.62,0,298.0,1,1
2933,2025-02-15 17:46:44.488000+00:00,FW77-KT-FKb,Faucet,Kitchen,28223,6.0,18.815,1,179.0,1,1
2829,2025-02-15 09:01:39.492000+00:00,FW81-KT1-W,Laundry,Kitchen - utility room ,13257,0.0,8.838,0,60.0,1,1
2829,2025-02-15 09:04:39.480000+00:00,FW81-KT1-W,Laundry,Kitchen - utility room ,11248,1.0,7.499,0,51.75,1,1
2829,2025-02-15 09:10:39.461000+00:00,FW81-KT1-W,Laundry,Kitchen - utility room ,14072,0.0,9.381,0,60.0,1,1
2829,2025-02-15 09:51:39.284000+00:00,FW81-KT1-W,Laundry,Kitchen - utility room ,13119,1.0,8.746,0,58.25,1,1
2829,2025-02-15 10:06:39.203000+00:00,FW81-KT1-W,Laundry,Kitchen - utility room ,13246,0.0,8.831,0,60.0,1,1
2829,2025-02-15 10:10:39.195000+00:00,FW81-KT1-W,Laundry,Kitchen - utility room ,12312,0.0,8.208,0,56.0,1,1
2829,2025-02-15 10:15:39.160000+00:00,FW81-KT1-W,Laundry,Kitchen - utility room ,14023,1.0,9.349,0,59.75,1,1
2829,2025-02-15 10:18:39.148000+00:00,FW81-KT1-W,Laundry,Kitchen - utility room ,13386,1.0,8.924,0,58.5,1,1
3188,2025-02-15 12:00:49.963000+00:00,FW70-KT-WM,Laundry,Kitchen,13001,0.0,8.667,0,60.0,1,1
3188,2025-02-15 12:12:49.913000+00:00,FW70-KT-WM,Laundry,Kitchen,13207,1.0,8.805,0,56.0,1,1
3090,2025-02-15 13:28:22.895000+00:00,FW62-KT-WM,Laundry,Kitchen,12364,0.0,8.242,0,60.0,1,1
3090,2025-02-15 14:08:22.727000+00:00,FW62-KT-WM,Laundry,Kitchen,12311,0.0,8.208,0,60.0,1,1
3090,2025-02-15 14:16:22.682000+00:00,FW62-KT-WM,Laundry,Kitchen,12344,0.0,8.229,0,59.75,1,1
3090,2025-02-15 14:25:22.625000+00:00,FW62-KT-WM,Laundry,Kitchen,12271,0.0,8.181,0,60.0,1,1
2147,2025-02-15 09:28:53.859000+00:00,FW30-KT1-FK,Faucet,Kitchen,14670,1.0,9.78,1,52.5,1,1
2147,2025-02-15 19:27:50.193000+00:00,FW30-KT1-FK,Faucet,Kitchen,14665,0.0,9.777,1,48.5,1,1
2109,2025-02-15 12:41:28.970000+00:00,FW63-KT1-W,Laundry,Kitchen - utility room ,14607,0.0,9.738,0,60.25,1,1
3484,2025-02-16 10:22:11.079000+00:00,FW46-KT-W2,Laundry,Kitchen,14335,5.0,9.557,0,78.75,1,1
3484,2025-02-16 15:04:09.689000+00:00,FW46-KT-W2,Laundry,Kitchen,12231,0.0,8.154,0,60.0,1,1
2928,2025-02-16 11:14:33.218000+00:00,FW24-KT1-W,Laundry,Kitchen,12940,0.0,8.627,0,51.5,1,1
2736,2025-02-16 12:02:26.612000+00:00,FW43-KT1-FK,Faucet,Kitchen ,11940,0.0,7.96,1,60.0,1,1
2736,2025-02-16 14:22:26.122000+00:00,FW43-KT1-FK,Faucet,Kitchen ,11265,0.0,7.51,1,60.25,1,1
2736,2025-02-16 19:51:25.010000+00:00,FW43-KT1-FK,Faucet,Kitchen ,11930,0.0,7.953,1,60.0,1,1
2157,2025-02-16 12:06:52.932000+00:00,FW41-KT1-W,Laundry,Utility room,15781,0.0,10.52,0,60.25,1,1
2157,2025-02-16 12:15:52.883000+00:00,FW41-KT1-W,Laundry,Utility room,15590,1.0,10.393,0,59.75,1,1
2157,2025-02-16 12:16:52.876000+00:00,FW41-KT1-W,Laundry,Utility room,13385,0.0,8.924,0,51.5,1,1
2147,2025-02-16 12:54:43.806000+00:00,FW30-KT1-FK,Faucet,Kitchen,11841,1.0,7.894,1,47.5,1,1
2147,2025-02-16 17:10:42.226000+00:00,FW30-KT1-FK,Faucet,Kitchen,13635,0.0,9.09,1,47.5,1,1
3031,2025-02-16 09:37:02.001000+00:00,FW67-KT1-W,Laundry,Kitchen,12211,0.0,8.14,0,60.0,1,1
3031,2025-02-16 17:30:59.607000+00:00,FW67-KT1-W,Laundry,Kitchen,11455,1.0,7.636,0,58.75,1,1
3031,2025-02-16 17:31:59.607000+00:00,FW67-KT1-W,Laundry,Kitchen,11758,0.0,7.839,0,59.75,1,1
3031,2025-02-16 17:53:59.507000+00:00,FW67-KT1-W,Laundry,Kitchen,12937,0.0,8.624,0,60.0,1,1
3092,2025-02-16 10:00:14.195000+00:00,FW62-BA-F,Faucet,Bathroom,11664,1.0,7.776,1,41.25,1,1
2300,2025-02-16 08:21:16.503000+00:00,FW04-KT1b-FK,Faucet,Kitchen,11769,0.0,7.846,1,60.0,1,1
2829,2025-02-16 08:27:33.285000+00:00,FW81-KT1-W,Laundry,Kitchen - utility room ,12798,0.0,8.532,0,58.25,1,1
2829,2025-02-16 08:42:33.202000+00:00,FW81-KT1-W,Laundry,Kitchen - utility room ,13185,0.0,8.79,0,60.0,1,1
2829,2025-02-16 08:51:33.172000+00:00,FW81-KT1-W,Laundry,Kitchen - utility room ,13965,0.0,9.31,0,60.0,1,1
2829,2025-02-16 09:32:32.981000+00:00,FW81-KT1-W,Laundry,Kitchen - utility room ,20032,2.0,13.355,0,91.75,1,1
2829,2025-02-16 09:36:32.969000+00:00,FW81-KT1-W,Laundry,Kitchen - utility room ,12922,0.0,8.615,0,59.5,1,1
2829,2025-02-16 09:41:32.958000+00:00,FW81-KT1-W,Laundry,Kitchen - utility room ,13441,1.0,8.961,0,57.0,1,1
2829,2025-02-16 09:42:32.950000+00:00,FW81-KT1-W,Laundry,Kitchen - utility room ,13781,0.0,9.187,0,59.0,1,1
2246,2025-02-16 01:24:18.260000+00:00,FW12-KT1-W,Laundry,Kitchen - utility room ,15250,0.0,10.166,0,49.75,1,1
2246,2025-02-16 01:38:18.200000+00:00,FW12-KT1-W,Laundry,Kitchen - utility room ,18502,0.0,12.334,0,60.0,1,1
2246,2025-02-16 01:51:18.140000+00:00,FW12-KT1-W,Laundry,Kitchen - utility room ,12032,2.0,8.021,0,38.0,1,1
2246,2025-02-16 01:52:18.140000+00:00,FW12-KT1-W,Laundry,Kitchen - utility room ,12422,0.0,8.282,0,38.5,1,1
2246,2025-02-16 15:05:14.672000+00:00,FW12-KT1-W,Laundry,Kitchen - utility room ,12975,2.0,8.65,0,43.5,1,1
2246,2025-02-16 17:33:14.025000+00:00,FW12-KT1-W,Laundry,Kitchen - utility room ,17514,0.0,11.676,0,60.0,1,1
2246,2025-02-16 17:46:13.960000+00:00,FW12-KT1-W,Laundry,Kitchen - utility room ,17553,0.0,11.702,0,60.0,1,1
2246,2025-02-16 18:00:13.904000+00:00,FW12-KT1-W,Laundry,Kitchen - utility room ,18536,0.0,12.357,0,60.0,1,1
2246,2025-02-16 20:58:13.123000+00:00,FW12-KT1-W,Laundry,Kitchen - utility room ,18399,0.0,12.266,0,59.75,1,1
2246,2025-02-16 21:11:13.054000+00:00,FW12-KT1-W,Laundry,Kitchen - utility room ,18324,0.0,12.216,0,60.25,1,1
2246,2025-02-16 21:24:13.002000+00:00,FW12-KT1-W,Laundry,Kitchen - utility room ,16446,1.0,10.964,0,52.5,1,1
2246,2025-02-16 21:25:12.987000+00:00,FW12-KT1-W,Laundry,Kitchen - utility room ,12844,0.0,8.563,0,41.25,1,1
2246,2025-02-16 23:11:12.520000+00:00,FW12-KT1-W,Laundry,Kitchen - utility room ,18426,0.0,12.284,0,60.0,1,1
3188,2025-02-16 12:35:43.342000+00:00,FW70-KT-WM,Laundry,Kitchen,13072,0.0,8.714,0,58.25,1,1
2729,2025-02-16 13:11:51.548000+00:00,FW34-KT1-W,Laundry,Kitchen - utility room ,11730,0.0,7.82,0,59.75,1,1
2148,2025-02-16 15:30:09.756000+00:00,FW30-KT1-W,Laundry,Kitchen - utility room ,12225,0.0,8.15,0,58.0,1,1
3192,2025-02-16 11:37:37.533000+00:00,FW29-KT-WMb,Laundry,Kitchen,11877,0.0,7.918,0,60.0,1,1
2731,2025-02-16 06:44:15.211000+00:00,FW56-KT-FK,Faucet,Kichen,13233,0.0,8.822,1,60.25,1,1
2731,2025-02-16 09:24:14.324000+00:00,FW56-KT-FK,Faucet,Kichen,12627,0.0,8.418,1,60.25,1,1
2731,2025-02-16 17:25:11.705000+00:00,FW56-KT-FK,Faucet,Kichen,11557,0.0,7.704,1,55.25,1,1
2101,2025-02-16 07:01:09.567000+00:00,FW46-KT1-FK,Faucet,Kitchen,13062,0.0,8.708,1,56.0,1,1
2101,2025-02-16 08:33:08.999000+00:00,FW46-KT1-FK,Faucet,Kitchen,11322,0.0,7.548,1,60.0,1,1
2101,2025-02-16 09:50:08.526000+00:00,FW46-KT1-FK,Faucet,Kitchen,12375,0.0,8.25,1,60.0,1,1
2101,2025-02-16 14:45:06.682000+00:00,FW46-KT1-FK,Faucet,Kitchen,13463,0.0,8.976,1,60.25,1,1
2101,2025-02-16 16:56:05.887000+00:00,FW46-KT1-FK,Faucet,Kitchen,12684,0.0,8.456,1,59.75,1,1
2101,2025-02-16 18:11:05.430000+00:00,FW46-KT1-FK,Faucet,Kitchen,12061,0.0,8.041,1,60.0,1,1
2101,2025-02-16 18:12:05.430000+00:00,FW46-KT1-FK,Faucet,Kitchen,12133,0.0,8.088,1,60.0,1,1
2101,2025-02-16 19:48:04.836000+00:00,FW46-KT1-FK,Faucet,Kitchen,12786,0.0,8.524,1,60.0,1,1
2101,2025-02-16 20:53:11.673000+00:00,FW46-KT1-FK,Faucet,Kitchen,30392,1.0,20.261,1,144.0,1,1
2101,2025-02-16 21:53:04.047000+00:00,FW46-KT1-FK,Faucet,Kitchen,27623,3.0,18.415,1,135.75,1,1
2907,2025-02-16 08:42:25.848000+00:00,FW02-KT1-FK,Faucet,Kichen,13167,0.0,8.778,1,60.0,1,1
2816,2025-02-16 13:54:54.261000+00:00,FW35-KT1-FK,Faucet,Kitchen sink,11350,0.0,7.566,1,51.0,1,1
2816,2025-02-16 19:29:52.513000+00:00,FW35-KT1-FK,Faucet,Kitchen sink,12081,0.0,8.054,1,60.0,1,1
2109,2025-02-16 13:59:19.843000+00:00,FW63-KT1-W,Laundry,Kitchen - utility room ,14520,0.0,9.68,0,60.0,1,1
2103,2025-02-16 02:23:07.079000+00:00,FW46-BA3-T,WC,Bathroom - ground floor,13042,1.0,8.695,0,116.0,1,1
2657,2025-02-17 23:10:16.136000+00:00,FW04-BA1-Fb,Faucet,Bathroom 1st floor - main,11285,1.0,7.523,1,42.75,1,1
3121,2025-02-17 13:38:05.865000+00:00,FW49-KT-WM,Laundry,Kitchen,11258,0.0,7.506,0,59.0,1,1
2736,2025-02-17 09:11:22.288000+00:00,FW43-KT1-FK,Faucet,Kitchen ,12183,0.0,8.122,1,60.0,1,1
2736,2025-02-17 11:39:21.776000+00:00,FW43-KT1-FK,Faucet,Kitchen ,12228,0.0,8.152,1,60.0,1,1
2101,2025-02-17 06:15:00.963000+00:00,FW46-KT1-FK,Faucet,Kitchen,16069,1.0,10.713,1,76.5,1,1
2101,2025-02-17 16:30:57.166000+00:00,FW46-KT1-FK,Faucet,Kitchen,24589,2.0,16.393,1,137.5,1,1
2101,2025-02-17 17:50:56.687000+00:00,FW46-KT1-FK,Faucet,Kitchen,18667,1.0,12.444,1,93.25,1,1
2101,2025-02-17 17:51:56.687000+00:00,FW46-KT1-FK,Faucet,Kitchen,12198,0.0,8.132,1,59.75,1,1
2101,2025-02-17 19:06:03.465000+00:00,FW46-KT1-FK,Faucet,Kitchen,11217,0.0,7.478,1,60.0,1,1
2101,2025-02-17 19:11:03.417000+00:00,FW46-KT1-FK,Faucet,Kitchen,17858,5.0,11.906,1,100.75,1,1
2101,2025-02-17 19:30:56.128000+00:00,FW46-KT1-FK,Faucet,Kitchen,11948,3.0,7.965,1,66.75,1,1
2101,2025-02-17 20:16:55.858000+00:00,FW46-KT1-FK,Faucet,Kitchen,17781,12.0,11.854,0,84.5,1,1
2101,2025-02-17 21:38:55.254000+00:00,FW46-KT1-FK,Faucet,Kitchen,13116,2.0,8.744,1,60.5,1,1
2829,2025-02-17 08:33:26.882000+00:00,FW81-KT1-W,Laundry,Kitchen - utility room ,11900,1.0,7.933,0,54.0,1,1
2829,2025-02-17 08:47:26.819000+00:00,FW81-KT1-W,Laundry,Kitchen - utility room ,13510,0.0,9.006,0,60.0,1,1
2829,2025-02-17 08:50:26.799000+00:00,FW81-KT1-W,Laundry,Kitchen - utility room ,11317,1.0,7.545,0,52.25,1,1
2829,2025-02-17 08:56:26.779000+00:00,FW81-KT1-W,Laundry,Kitchen - utility room ,14067,0.0,9.378,0,60.0,1,1
2829,2025-02-17 09:22:26.645000+00:00,FW81-KT1-W,Laundry,Kitchen - utility room ,13253,0.0,8.835,0,60.25,1,1
2829,2025-02-17 09:26:26.637000+00:00,FW81-KT1-W,Laundry,Kitchen - utility room ,13143,0.0,8.762,0,60.25,1,1
2829,2025-02-17 09:31:26.618000+00:00,FW81-KT1-W,Laundry,Kitchen - utility room ,12719,1.0,8.479,0,53.75,1,1
2829,2025-02-17 09:32:26.602000+00:00,FW81-KT1-W,Laundry,Kitchen - utility room ,12900,0.0,8.6,0,54.25,1,1
2726,2025-02-17 08:06:04.141000+00:00,FW53-BA1-T,WC,Bathroom 1st floor,12599,1.0,8.399,0,44.75,1,1
2731,2025-02-17 12:01:05.722000+00:00,FW56-KT-FK,Faucet,Kichen,12641,0.0,8.427,1,59.0,1,1
2731,2025-02-17 15:13:04.648000+00:00,FW56-KT-FK,Faucet,Kichen,12855,0.0,8.57,1,60.0,1,1
2731,2025-02-17 17:54:03.820000+00:00,FW56-KT-FK,Faucet,Kichen,12312,1.0,8.208,1,58.75,1,1
2731,2025-02-17 19:19:03.303000+00:00,FW56-KT-FK,Faucet,Kichen,12126,1.0,8.084,1,57.75,1,1
2731,2025-02-17 21:40:02.523000+00:00,FW56-KT-FK,Faucet,Kichen,12999,0.0,8.666,1,60.25,1,1
2147,2025-02-17 11:34:35.506000+00:00,FW30-KT1-FK,Faucet,Kitchen,15070,1.0,10.047,1,50.5,1,1
2928,2025-02-17 18:26:24.550000+00:00,FW24-KT1-W,Laundry,Kitchen,15092,0.0,10.062,0,60.25,1,1
2928,2025-02-17 20:21:24.020000+00:00,FW24-KT1-W,Laundry,Kitchen,15268,0.0,10.179,0,60.0,1,1
2109,2025-02-17 22:28:08.103000+00:00,FW63-KT1-W,Laundry,Kitchen - utility room ,14514,0.0,9.676,0,60.0,1,1
3090,2025-02-17 09:21:10.688000+00:00,FW62-KT-WM,Laundry,Kitchen,12425,0.0,8.283,0,60.25,1,1
2130,2025-02-17 07:49:58.254000+00:00,FW42-KT1-W,Laundry,Kitchen - utility room ,15827,1.0,10.551,0,54.25,1,1
2130,2025-02-17 07:59:58.192000+00:00,FW42-KT1-W,Laundry,Kitchen - utility room ,11866,1.0,7.911,0,40.5,1,1
2130,2025-02-17 10:28:57.289000+00:00,FW42-KT1-W,Laundry,Kitchen - utility room ,17239,0.0,11.493,0,60.0,1,1
2130,2025-02-17 11:20:56.989000+00:00,FW42-KT1-W,Laundry,Kitchen - utility room ,14990,1.0,9.993,0,51.5,1,1
2130,2025-02-17 11:57:56.754000+00:00,FW42-KT1-W,Laundry,Kitchen - utility room ,17308,1.0,11.539,0,60.0,1,1
2130,2025-02-17 12:03:56.724000+00:00,FW42-KT1-W,Laundry,Kitchen - utility room ,17498,0.0,11.665,0,60.0,1,1
2130,2025-02-17 12:08:56.705000+00:00,FW42-KT1-W,Laundry,Kitchen - utility room ,12491,1.0,8.327,0,41.75,1,1
2130,2025-02-17 13:27:56.219000+00:00,FW42-KT1-W,Laundry,Kitchen - utility room ,12940,1.0,8.627,0,45.0,1,1
2130,2025-02-17 13:37:56.153000+00:00,FW42-KT1-W,Laundry,Kitchen - utility room ,17647,0.0,11.764,0,60.0,1,1
2246,2025-02-17 01:50:11.822000+00:00,FW12-KT1-W,Laundry,Kitchen - utility room ,11262,0.0,7.508,0,37.0,1,1
2246,2025-02-17 02:15:11.719000+00:00,FW12-KT1-W,Laundry,Kitchen - utility room ,14866,1.0,9.911,0,47.25,1,1
2246,2025-02-17 02:24:11.673000+00:00,FW12-KT1-W,Laundry,Kitchen - utility room ,14842,1.0,9.895,0,47.5,1,1
2246,2025-02-17 02:35:11.627000+00:00,FW12-KT1-W,Laundry,Kitchen - utility room ,15809,0.0,10.539,0,51.75,1,1
2246,2025-02-17 02:44:11.577000+00:00,FW12-KT1-W,Laundry,Kitchen - utility room ,15831,0.0,10.554,0,50.0,1,1
3190,2025-02-17 05:51:02.501000+00:00,FW29-KT-FK,Faucet,Kitchen,11346,1.0,7.564,1,41.25,1,1
2806,2025-02-17 18:26:22.255000+00:00,FW19-KT1-D,Dishwasher,Dishwasher ,19444,4.0,12.963,0,334.75,1,1
2806,2025-02-17 20:26:05.086000+00:00,FW19-KT1-D,Dishwasher,Dishwasher ,16326,4.0,10.884,0,286.0,1,1
3192,2025-02-17 12:50:30.579000+00:00,FW29-KT-WMb,Laundry,Kitchen,12038,0.0,8.026,0,60.25,1,1
3192,2025-02-17 13:02:30.515000+00:00,FW29-KT-WMb,Laundry,Kitchen,12160,0.0,8.107,0,60.0,1,1
2738,2025-02-17 10:57:29.479000+00:00,FW09-KT1-W,Laundry,Kitchen - utility room ,11350,0.0,7.567,0,60.25,1,1
2738,2025-02-17 11:09:29.408000+00:00,FW09-KT1-W,Laundry,Kitchen - utility room ,11467,0.0,7.645,0,60.0,1,1
2734,2025-02-17 09:14:15.861000+00:00,FW43-KT1-W,Laundry,Kitchen,11382,0.0,7.588,0,60.0,1,1
2734,2025-02-17 19:21:12.649000+00:00,FW43-KT1-W,Laundry,Kitchen,11406,0.0,7.604,0,60.25,1,1
2123,2025-02-17 03:34:37.946000+00:00,FW23-BA1-T,WC,Bathroom 1st floor ,167869,23.0,111.913,0,665.5,1,1
2121,2025-02-17 03:35:34.776000+00:00,FW23-KT1-W,Laundry,Kitchen ,83732,12.0,55.821,0,327.25,1,1
2186,2025-02-17 03:38:29.962000+00:00,FW23-KT1-FKb,Faucet,Kitchen,32722,28.0,21.815,0,193.75,1,1
2186,2025-02-17 03:38:29.962000+00:00,FW23-KT1-FKb,Faucet,Kitchen,49940,6.0,33.294,1,572.5,1,1
3484,2025-02-17 11:05:03.710000+00:00,FW46-KT-W2,Laundry,Kitchen,11856,0.0,7.904,0,59.75,1,1
3484,2025-02-17 12:02:03.434000+00:00,FW46-KT-W2,Laundry,Kitchen,21070,4.0,14.047,0,102.75,1,1
2927,2025-02-17 11:53:02.172000+00:00,FW31-BA1-Fb,Faucet,Bathroom,264340,244.0,176.227,0,2758.5,1,1
2927,2025-02-17 12:30:00.039000+00:00,FW31-BA1-Fb,Faucet,Bathroom,218370,117.0,145.58,1,2127.5,1,1
2925,2025-02-17 12:20:13.996000+00:00,FW31-KT1-W,Laundry,Kitchen,121755,37.0,81.17,0,639.75,1,1
2103,2025-02-17 17:48:38.333000+00:00,FW46-BA3-T,WC,Bathroom - ground floor,120438,9.0,80.292,0,938.0,1,1
2097,2025-02-17 18:15:00.164000+00:00,FW46-BA1-F,Faucet,Bathroom 1st floor - main,60715,31.0,40.477,1,469.0,1,1
2097,2025-02-17 18:52:00.148000+00:00,FW46-BA1-F,Faucet,Bathroom 1st floor - main,15532,20.0,10.355,0,153.25,1,1
2098,2025-02-17 18:23:53.944000+00:00,FW46-BA1-T,WC,Bathroom 1st floor - main,168620,29.0,112.413,0,842.25,1,1
3121,2025-02-18 15:06:56.827000+00:00,FW49-KT-WM,Laundry,Kitchen,11560,0.0,7.706,0,59.75,1,1
2101,2025-02-18 06:14:52.078000+00:00,FW46-KT1-FK,Faucet,Kitchen,13604,1.0,9.07,1,75.0,1,1
2101,2025-02-18 14:32:49.018000+00:00,FW46-KT1-FK,Faucet,Kitchen,12564,0.0,8.376,1,60.0,1,1
2101,2025-02-18 14:33:49.018000+00:00,FW46-KT1-FK,Faucet,Kitchen,12465,0.0,8.31,1,60.0,1,1
2101,2025-02-18 14:34:48.999000+00:00,FW46-KT1-FK,Faucet,Kitchen,11956,0.0,7.971,1,60.0,1,1
2101,2025-02-18 14:35:48.999000+00:00,FW46-KT1-FK,Faucet,Kitchen,12296,0.0,8.197,1,60.0,1,1
2101,2025-02-18 17:40:47.887000+00:00,FW46-KT1-FK,Faucet,Kitchen,12378,0.0,8.252,1,60.0,1,1
2101,2025-02-18 17:41:47.887000+00:00,FW46-KT1-FK,Faucet,Kitchen,12172,0.0,8.115,1,60.0,1,1
2731,2025-02-18 12:11:57.787000+00:00,FW56-KT-FK,Faucet,Kichen,11429,0.0,7.619,1,53.5,1,1
2731,2025-02-18 14:19:57.094000+00:00,FW56-KT-FK,Faucet,Kichen,12664,0.0,8.443,1,60.0,1,1
2731,2025-02-18 14:39:56.963000+00:00,FW56-KT-FK,Faucet,Kichen,11935,0.0,7.957,1,60.25,1,1
2731,2025-02-18 17:11:56.129000+00:00,FW56-KT-FK,Faucet,Kichen,12808,1.0,8.539,1,60.0,1,1
2731,2025-02-18 17:12:56.129000+00:00,FW56-KT-FK,Faucet,Kichen,12936,0.0,8.624,1,59.75,1,1
2731,2025-02-18 17:36:56.008000+00:00,FW56-KT-FK,Faucet,Kichen,12750,0.0,8.5,1,59.75,1,1
2731,2025-02-18 17:43:56.002000+00:00,FW56-KT-FK,Faucet,Kichen,11863,0.0,7.908,1,59.0,1,1
2758,2025-02-18 09:31:19.858000+00:00,FW59-BA1-S,Shower,Shower,14692,0.0,9.795,1,60.0,1,1
2758,2025-02-18 09:32:19.858000+00:00,FW59-BA1-S,Shower,Shower,14659,0.0,9.773,1,60.0,1,1
2758,2025-02-18 09:33:19.848000+00:00,FW59-BA1-S,Shower,Shower,14668,0.0,9.778,1,60.25,1,1
2758,2025-02-18 09:34:19.848000+00:00,FW59-BA1-S,Shower,Shower,14749,0.0,9.833,1,59.75,1,1
3092,2025-02-18 09:21:01.299000+00:00,FW62-BA-F,Faucet,Bathroom,11731,1.0,7.821,1,38.75,1,1
3092,2025-02-18 09:51:01.118000+00:00,FW62-BA-F,Faucet,Bathroom,12715,0.0,8.477,0,60.0,1,1
2130,2025-02-18 09:20:49.004000+00:00,FW42-KT1-W,Laundry,Kitchen - utility room ,13538,0.0,9.025,0,46.0,1,1
2130,2025-02-18 09:29:48.934000+00:00,FW42-KT1-W,Laundry,Kitchen - utility room ,12137,1.0,8.091,0,41.0,1,1
2147,2025-02-18 13:08:26.103000+00:00,FW30-KT1-FK,Faucet,Kitchen,13808,0.0,9.205,1,55.75,1,1
2147,2025-02-18 18:35:24.091000+00:00,FW30-KT1-FK,Faucet,Kitchen,11406,0.0,7.604,1,42.75,1,1
2251,2025-02-18 16:30:29.316000+00:00,FW66-KT1-W,Laundry,Kitchen - utility room ,11552,1.0,7.701,0,49.5,1,1
2251,2025-02-18 16:42:29.235000+00:00,FW66-KT1-W,Laundry,Kitchen - utility room ,14169,0.0,9.446,0,60.0,1,1
2251,2025-02-18 16:55:29.172000+00:00,FW66-KT1-W,Laundry,Kitchen - utility room ,13397,1.0,8.932,0,56.25,1,1
2736,2025-02-18 17:34:15.750000+00:00,FW43-KT1-FK,Faucet,Kitchen ,11722,0.0,7.815,1,60.25,1,1
3192,2025-02-18 11:10:24.408000+00:00,FW29-KT-WMb,Laundry,Kitchen,11878,0.0,7.919,0,60.25,1,1
3192,2025-02-18 11:22:24.367000+00:00,FW29-KT-WMb,Laundry,Kitchen,12053,0.0,8.035,0,60.0,1,1
2131,2025-02-18 19:38:56.833000+00:00,FW42-KT1-FK,Faucet,Kitchen,12168,2.0,8.112,1,81.25,1,1
3484,2025-02-18 09:05:57.138000+00:00,FW46-KT-W2,Laundry,Kitchen,12170,5.0,8.113,0,68.0,1,1
3484,2025-02-18 11:02:56.590000+00:00,FW46-KT-W2,Laundry,Kitchen,11819,0.0,7.88,0,59.75,1,1
3484,2025-02-18 11:03:56.574000+00:00,FW46-KT-W2,Laundry,Kitchen,11387,0.0,7.591,0,58.75,1,1
3484,2025-02-18 11:22:56.488000+00:00,FW46-KT-W2,Laundry,Kitchen,12597,1.0,8.398,0,60.0,1,1
3484,2025-02-18 20:27:53.771000+00:00,FW46-KT-W2,Laundry,Kitchen,11521,1.0,7.681,0,56.25,1,1
2097,2025-02-18 02:57:57.474000+00:00,FW46-BA1-F,Faucet,Bathroom 1st floor - main,15247,2.0,10.165,1,130.5,1,1
2097,2025-02-18 02:57:57.474000+00:00,FW46-BA1-F,Faucet,Bathroom 1st floor - main,16372,1.0,10.915,0,154.5,1,1
2100,2025-02-18 07:13:58.521000+00:00,FW46-BA2-T,WC,Bathroom 1st floor - ensuite ,13713,2.0,9.142,0,82.25,1,1
3041,2025-02-18 11:38:58.378000+00:00,FW16-KT-WM,Laundry,Kichen,12656,3.0,8.437,0,50.25,1,1
2907,2025-02-18 17:53:08.532000+00:00,FW02-KT1-FK,Faucet,Kichen,11449,1.0,7.633,1,58.75,1,1
3154,2025-02-18 18:18:34.971000+00:00,FW10-KT-FK,Faucet,Kitchen,12089,0.0,8.059,1,54.5,1,1
2120,2025-02-18 12:36:22.569000+00:00,FW03-KT1-W,Laundry,Kitchen - utility room ,42298,16.0,28.199,0,152.5,2,1
2806,2025-02-18 15:58:57.859000+00:00,FW19-KT1-D,Dishwasher,Dishwasher ,16164,3.0,10.776,0,278.5,1,1
2758,2025-02-19 09:39:12.803000+00:00,FW59-BA1-S,Shower,Shower,14705,0.0,9.804,1,60.0,1,1
2758,2025-02-19 09:40:12.803000+00:00,FW59-BA1-S,Shower,Shower,14678,0.0,9.785,1,60.0,1,1
2758,2025-02-19 09:41:12.799000+00:00,FW59-BA1-S,Shower,Shower,14643,0.0,9.762,1,60.0,1,1
2758,2025-02-19 09:42:12.799000+00:00,FW59-BA1-S,Shower,Shower,14672,0.0,9.781,1,60.0,1,1
2758,2025-02-19 09:43:12.833000+00:00,FW59-BA1-S,Shower,Shower,14478,0.0,9.652,1,60.0,1,1
2109,2025-02-19 19:03:52.009000+00:00,FW63-KT1-W,Laundry,Kitchen - utility room ,14559,0.0,9.706,0,59.75,1,1
2135,2025-02-19 09:56:52.737000+00:00,FW26-BA1-T,WC,Bathroom 1st floor ,14430,1.0,9.62,0,46.0,1,1
2135,2025-02-19 10:24:52.588000+00:00,FW26-BA1-T,WC,Bathroom 1st floor ,12289,1.0,8.192,0,38.25,1,1
2110,2025-02-19 13:41:21.030000+00:00,FW63-BA3-T,WC,Bathroom - ground floor,11402,1.0,7.601,0,49.75,1,1
3031,2025-02-19 08:22:40.612000+00:00,FW67-KT1-W,Laundry,Kitchen,11947,0.0,7.965,0,60.25,1,1
3031,2025-02-19 08:23:40.612000+00:00,FW67-KT1-W,Laundry,Kitchen,11735,0.0,7.823,0,59.75,1,1
3031,2025-02-19 08:29:40.579000+00:00,FW67-KT1-W,Laundry,Kitchen,12946,0.0,8.631,0,60.0,1,1
3031,2025-02-19 08:30:40.565000+00:00,FW67-KT1-W,Laundry,Kitchen,12992,0.0,8.661,0,60.0,1,1
2736,2025-02-19 17:26:10.961000+00:00,FW43-KT1-FK,Faucet,Kitchen ,11528,1.0,7.685,1,58.5,1,1
2736,2025-02-19 17:27:10.961000+00:00,FW43-KT1-FK,Faucet,Kitchen ,12197,0.0,8.131,1,59.75,1,1
2736,2025-02-19 17:41:10.920000+00:00,FW43-KT1-FK,Faucet,Kitchen ,11645,1.0,7.763,1,58.5,1,1
2723,2025-02-19 19:06:37.012000+00:00,FW53-KT1-W,Laundry,Kitchen ,11461,1.0,7.641,0,59.5,1,1
2723,2025-02-19 19:49:36.793000+00:00,FW53-KT1-W,Laundry,Kitchen ,11273,0.0,7.515,0,60.0,1,1
2816,2025-02-19 13:41:32.649000+00:00,FW35-KT1-FK,Faucet,Kitchen sink,14064,0.0,9.376,1,60.25,1,1
2300,2025-02-19 18:01:51.105000+00:00,FW04-KT1b-FK,Faucet,Kitchen,11141,0.0,7.427,1,59.0,1,1
3484,2025-02-19 09:11:50.006000+00:00,FW46-KT-W2,Laundry,Kitchen,20040,1.0,13.36,0,104.25,1,1
3484,2025-02-19 09:52:49.726000+00:00,FW46-KT-W2,Laundry,Kitchen,20109,4.0,13.406,0,100.75,1,1
3484,2025-02-19 12:59:48.911000+00:00,FW46-KT-W2,Laundry,Kitchen,20053,1.0,13.369,0,96.5,1,1
2101,2025-02-19 06:14:43.198000+00:00,FW46-KT1-FK,Faucet,Kitchen,15328,1.0,10.219,1,68.5,1,1
2101,2025-02-19 19:14:38.406000+00:00,FW46-KT1-FK,Faucet,Kitchen,23773,5.0,15.849,1,133.75,1,1
2101,2025-02-19 20:28:37.945000+00:00,FW46-KT1-FK,Faucet,Kitchen,13191,0.0,8.794,1,60.25,1,1
3188,2025-02-19 11:29:24.279000+00:00,FW70-KT-WM,Laundry,Kitchen,13384,0.0,8.923,0,60.0,1,1
3188,2025-02-19 11:41:24.215000+00:00,FW70-KT-WM,Laundry,Kitchen,14771,0.0,9.847,0,60.25,1,1
2729,2025-02-19 18:59:28.282000+00:00,FW34-KT1-W,Laundry,Kitchen - utility room ,11612,0.0,7.741,0,60.0,1,1
2729,2025-02-19 19:00:28.274000+00:00,FW34-KT1-W,Laundry,Kitchen - utility room ,11580,0.0,7.72,0,60.0,1,1
2103,2025-02-19 17:43:23.021000+00:00,FW46-BA3-T,WC,Bathroom - ground floor,13204,1.0,8.803,0,104.75,1,1
2731,2025-02-19 07:37:51.415000+00:00,FW56-KT-FK,Faucet,Kichen,12678,0.0,8.452,1,60.0,1,1
2731,2025-02-19 07:38:51.415000+00:00,FW56-KT-FK,Faucet,Kichen,12595,0.0,8.397,1,60.0,1,1
2731,2025-02-19 14:11:49.243000+00:00,FW56-KT-FK,Faucet,Kichen,12952,0.0,8.635,1,60.25,1,1
3045,2025-02-19 09:45:39.835000+00:00,FW58-KT-WM,Laundry,Kitchen,12063,1.0,8.042,0,48.75,1,1
3045,2025-02-19 11:17:39.450000+00:00,FW58-KT-WM,Laundry,Kitchen,13158,0.0,8.772,0,54.0,1,1
3045,2025-02-19 11:30:39.387000+00:00,FW58-KT-WM,Laundry,Kitchen,15034,1.0,10.023,0,55.5,1,1
3092,2025-02-19 09:11:54.814000+00:00,FW62-BA-F,Faucet,Bathroom,13231,0.0,8.821,1,41.5,1,1
3092,2025-02-19 09:54:54.617000+00:00,FW62-BA-F,Faucet,Bathroom,15105,0.0,10.07,0,60.25,1,1
3092,2025-02-19 09:55:54.617000+00:00,FW62-BA-F,Faucet,Bathroom,13691,0.0,9.127,0,55.0,1,1
2829,2025-02-19 07:23:14.459000+00:00,FW81-KT1-W,Laundry,Kitchen - utility room ,13381,0.0,8.92,0,60.0,1,1
2829,2025-02-19 07:26:14.448000+00:00,FW81-KT1-W,Laundry,Kitchen - utility room ,11237,1.0,7.491,0,52.0,1,1
2829,2025-02-19 07:32:14.407000+00:00,FW81-KT1-W,Laundry,Kitchen - utility room ,14153,0.0,9.436,0,60.25,1,1
2829,2025-02-19 08:16:14.210000+00:00,FW81-KT1-W,Laundry,Kitchen - utility room ,13148,0.0,8.765,0,60.25,1,1
2829,2025-02-19 08:20:14.202000+00:00,FW81-KT1-W,Laundry,Kitchen - utility room ,13216,0.0,8.81,0,60.25,1,1
2829,2025-02-19 08:25:14.187000+00:00,FW81-KT1-W,Laundry,Kitchen - utility room ,13338,1.0,8.892,0,56.75,1,1
2829,2025-02-19 08:26:14.183000+00:00,FW81-KT1-W,Laundry,Kitchen - utility room ,12223,0.0,8.149,0,52.0,1,1
2097,2025-02-19 01:31:50.074000+00:00,FW46-BA1-F,Faucet,Bathroom 1st floor - main,12153,6.0,8.102,1,73.5,1,1
2097,2025-02-19 18:00:52.734000+00:00,FW46-BA1-F,Faucet,Bathroom 1st floor - main,14651,2.0,9.767,1,88.75,1,1
2100,2025-02-19 08:26:50.554000+00:00,FW46-BA2-T,WC,Bathroom 1st floor - ensuite ,14754,3.0,9.836,0,84.25,1,1
2806,2025-02-19 19:58:47.980000+00:00,FW19-KT1-D,Dishwasher,Dishwasher ,16202,3.0,10.801,0,282.75,1,1
2832,2025-02-19 19:22:01.902000+00:00,FW83-BT1-F,Faucet,Bathroom 1st floor ,25967,24.0,17.312,0,253.25,1,1
2742,2025-02-19 19:44:04.041000+00:00,FW14-KT1-FK,Faucet,Kitchen ,678210,625.0,452.14,0,15592.75,1,1
2742,2025-02-19 19:48:04.072000+00:00,FW14-KT1-FK,Faucet,Kitchen ,1340110,651.0,893.406,1,15964.0,1,1
2741,2025-02-19 19:44:11.700000+00:00,FW14-KT1-Right,Dishwasher,Kitchen,20284,0.0,13.522,0,0.0,1,1
2740,2025-02-19 19:56:18.008000+00:00,FW14-KT1-Left,Laundry,Kitchen,94049,37.0,62.699,0,1621.25,1,1
2812,2025-02-20 20:02:24.254000+00:00,FW65-KT1-W,Laundry,Washing machine ,17829,0.0,11.886,0,58.5,1,1
2812,2025-02-20 20:13:24.207000+00:00,FW65-KT1-W,Laundry,Washing machine ,15350,0.0,10.233,0,44.0,1,1
2816,2025-02-20 10:26:26.421000+00:00,FW35-KT1-FK,Faucet,Kitchen sink,12049,0.0,8.033,1,60.0,1,1
2816,2025-02-20 21:10:23.154000+00:00,FW35-KT1-FK,Faucet,Kitchen sink,15271,0.0,10.181,1,60.0,1,1
2147,2025-02-20 14:06:08.078000+00:00,FW30-KT1-FK,Faucet,Kitchen,12651,1.0,8.434,1,57.75,1,1
2829,2025-02-20 08:20:07.815000+00:00,FW81-KT1-W,Laundry,Kitchen - utility room ,12019,0.0,8.013,0,55.25,1,1
2829,2025-02-20 08:23:07.811000+00:00,FW81-KT1-W,Laundry,Kitchen - utility room ,13128,1.0,8.752,0,59.25,1,1
2829,2025-02-20 08:29:07.771000+00:00,FW81-KT1-W,Laundry,Kitchen - utility room ,14108,0.0,9.405,0,60.0,1,1
2829,2025-02-20 09:12:07.574000+00:00,FW81-KT1-W,Laundry,Kitchen - utility room ,13212,0.0,8.808,0,60.0,1,1
2829,2025-02-20 09:16:07.559000+00:00,FW81-KT1-W,Laundry,Kitchen - utility room ,13156,0.0,8.771,0,60.0,1,1
2829,2025-02-20 09:21:07.547000+00:00,FW81-KT1-W,Laundry,Kitchen - utility room ,12747,1.0,8.498,0,54.5,1,1
2829,2025-02-20 09:22:07.543000+00:00,FW81-KT1-W,Laundry,Kitchen - utility room ,13997,0.0,9.331,0,59.75,1,1
3041,2025-02-20 12:37:41.999000+00:00,FW16-KT-WM,Laundry,Kichen,15052,0.0,10.035,0,60.0,1,1
3121,2025-02-20 15:04:39.742000+00:00,FW49-KT-WM,Laundry,Kitchen,11322,0.0,7.548,0,59.75,1,1
2731,2025-02-20 05:50:44.125000+00:00,FW56-KT-FK,Faucet,Kichen,12664,0.0,8.443,1,59.25,1,1
2731,2025-02-20 08:50:43.130000+00:00,FW56-KT-FK,Faucet,Kichen,12795,0.0,8.53,1,60.0,1,1
2731,2025-02-20 17:52:40.123000+00:00,FW56-KT-FK,Faucet,Kichen,12616,0.0,8.411,1,59.75,1,1
2731,2025-02-20 20:32:39.239000+00:00,FW56-KT-FK,Faucet,Kichen,12683,1.0,8.455,1,59.5,1,1
2731,2025-02-20 20:33:39.226000+00:00,FW56-KT-FK,Faucet,Kichen,12626,0.0,8.418,1,60.25,1,1
2123,2025-02-20 11:24:15.991000+00:00,FW23-BA1-T,WC,Bathroom 1st floor ,11988,1.0,7.992,0,47.0,1,1
2157,2025-02-20 09:56:27.320000+00:00,FW41-KT1-W,Laundry,Utility room,14863,1.0,9.908,0,56.75,1,1
2157,2025-02-20 09:57:27.320000+00:00,FW41-KT1-W,Laundry,Utility room,14648,0.0,9.766,0,55.75,1,1
2157,2025-02-20 10:06:27.270000+00:00,FW41-KT1-W,Laundry,Utility room,15789,0.0,10.526,0,60.25,1,1
2157,2025-02-20 10:15:27.235000+00:00,FW41-KT1-W,Laundry,Utility room,11506,1.0,7.671,0,42.0,1,1
2150,2025-02-20 14:19:49.836000+00:00,FW30-BA2-T,WC,Bathroom 1st floor ,11394,0.0,7.596,0,60.25,1,1
2101,2025-02-20 16:30:30.542000+00:00,FW46-KT1-FK,Faucet,Kitchen,23810,1.0,15.873,1,111.5,1,1
2101,2025-02-20 19:45:29.331000+00:00,FW46-KT1-FK,Faucet,Kitchen,13445,0.0,8.963,1,59.75,1,1
2101,2025-02-20 20:15:29.148000+00:00,FW46-KT1-FK,Faucet,Kitchen,11739,0.0,7.826,1,54.25,1,1
3484,2025-02-20 11:56:42.141000+00:00,FW46-KT-W2,Laundry,Kitchen,12446,0.0,8.297,0,60.0,1,1
3484,2025-02-20 12:16:42.038000+00:00,FW46-KT-W2,Laundry,Kitchen,12400,0.0,8.267,0,60.0,1,1
3484,2025-02-20 15:07:41.180000+00:00,FW46-KT-W2,Laundry,Kitchen,11701,0.0,7.801,0,60.25,1,1
2135,2025-02-20 08:50:45.198000+00:00,FW26-BA1-T,WC,Bathroom 1st floor ,11269,0.0,7.513,0,35.25,1,1
2132,2025-02-20 12:30:19.736000+00:00,FW42-KT1-D,Dishwasher,Kitchen,13068,2.0,8.712,0,126.5,1,1
3045,2025-02-20 07:31:34.218000+00:00,FW58-KT-WM,Laundry,Kitchen,14704,0.0,9.803,0,60.0,1,1
3045,2025-02-20 07:45:34.148000+00:00,FW58-KT-WM,Laundry,Kitchen,13444,1.0,8.962,0,50.5,1,1
2736,2025-02-20 17:55:05.923000+00:00,FW43-KT1-FK,Faucet,Kitchen ,12063,0.0,8.042,1,59.75,1,1
2928,2025-02-20 11:18:06.530000+00:00,FW24-KT1-W,Laundry,Kitchen,15330,0.0,10.22,0,60.0,1,1
3092,2025-02-20 08:55:48.341000+00:00,FW62-BA-F,Faucet,Bathroom,15236,1.0,10.157,1,48.25,1,1
2148,2025-02-20 12:21:38.656000+00:00,FW30-KT1-W,Laundry,Kitchen - utility room ,12433,0.0,8.288,0,59.5,1,1
2186,2025-02-20 13:03:08.535000+00:00,FW23-KT1-FKb,Faucet,Kitchen,11328,1.0,7.552,0,80.25,1,1
2103,2025-02-20 01:08:36.058000+00:00,FW46-BA3-T,WC,Bathroom - ground floor,27339,2.0,18.226,0,205.25,1,1
2103,2025-02-20 11:55:17.004000+00:00,FW46-BA3-T,WC,Bathroom - ground floor,13458,1.0,8.972,0,99.0,1,1
2103,2025-02-20 20:21:14.190000+00:00,FW46-BA3-T,WC,Bathroom - ground floor,15326,2.0,10.217,0,114.75,1,1
2120,2025-02-20 14:37:07.798000+00:00,FW03-KT1-W,Laundry,Kitchen - utility room ,82316,31.0,54.878,0,297.5,2,1
2806,2025-02-20 20:17:39.723000+00:00,FW19-KT1-D,Dishwasher,Dishwasher ,17331,4.0,11.554,0,303.25,1,1
3192,2025-02-21 10:57:04.525000+00:00,FW29-KT-WMb,Laundry,Kitchen,11797,0.0,7.865,0,60.0,1,1
3192,2025-02-21 11:06:04.474000+00:00,FW29-KT-WMb,Laundry,Kitchen,11896,0.0,7.93,0,59.25,1,1
3484,2025-02-21 20:48:32.318000+00:00,FW46-KT-W2,Laundry,Kitchen,12367,0.0,8.245,0,59.75,1,1
3484,2025-02-21 20:53:32.285000+00:00,FW46-KT-W2,Laundry,Kitchen,13231,0.0,8.82,0,60.0,1,1
3092,2025-02-21 09:16:41.675000+00:00,FW62-BA-F,Faucet,Bathroom,14139,0.0,9.426,1,45.5,1,1
3092,2025-02-21 10:01:41.490000+00:00,FW62-BA-F,Faucet,Bathroom,11542,0.0,7.694,0,59.75,1,1
2143,2025-02-21 22:01:05.035000+00:00,FW21-BA3-T,WC,Bathroom - ground floor,11671,1.0,7.781,0,99.5,1,1
2101,2025-02-21 06:13:25.470000+00:00,FW46-KT1-FK,Faucet,Kitchen,12523,0.0,8.349,1,60.0,1,1
2101,2025-02-21 13:30:22.758000+00:00,FW46-KT1-FK,Faucet,Kitchen,11660,1.0,7.773,1,53.75,1,1
2101,2025-02-21 20:31:20.168000+00:00,FW46-KT1-FK,Faucet,Kitchen,13521,0.0,9.014,1,60.0,1,1
2736,2025-02-21 17:09:01.153000+00:00,FW43-KT1-FK,Faucet,Kitchen ,12210,0.0,8.14,1,59.75,1,1
2736,2025-02-21 18:03:00.972000+00:00,FW43-KT1-FK,Faucet,Kitchen ,12182,0.0,8.121,1,59.75,1,1
2098,2025-02-21 12:54:30.559000+00:00,FW46-BA1-T,WC,Bathroom 1st floor - main,11636,0.0,7.757,0,54.0,1,1
2098,2025-02-21 17:31:29.001000+00:00,FW46-BA1-T,WC,Bathroom 1st floor - main,15106,2.0,10.071,0,72.75,1,1
2103,2025-02-21 00:37:12.771000+00:00,FW46-BA3-T,WC,Bathroom - ground floor,13285,1.0,8.857,0,100.75,1,1
2103,2025-02-21 02:38:19.686000+00:00,FW46-BA3-T,WC,Bathroom - ground floor,13437,1.0,8.958,0,92.25,1,1
2103,2025-02-21 08:36:09.785000+00:00,FW46-BA3-T,WC,Bathroom - ground floor,16795,1.0,11.197,0,144.5,1,1
2103,2025-02-21 12:40:24.240000+00:00,FW46-BA3-T,WC,Bathroom - ground floor,13298,1.0,8.865,0,102.5,1,1
2103,2025-02-21 15:29:16.049000+00:00,FW46-BA3-T,WC,Bathroom - ground floor,24035,2.0,16.023,0,180.0,1,1
2829,2025-02-21 12:38:00.207000+00:00,FW81-KT1-W,Laundry,Kitchen - utility room ,13265,0.0,8.844,0,60.25,1,1
2829,2025-02-21 12:42:00.196000+00:00,FW81-KT1-W,Laundry,Kitchen - utility room ,13135,0.0,8.756,0,60.25,1,1
2829,2025-02-21 12:48:00.176000+00:00,FW81-KT1-W,Laundry,Kitchen - utility room ,14007,0.0,9.338,0,60.0,1,1
2829,2025-02-21 17:33:58.886000+00:00,FW81-KT1-W,Laundry,Kitchen - utility room ,12701,1.0,8.467,0,57.25,1,1
2829,2025-02-21 17:34:58.886000+00:00,FW81-KT1-W,Laundry,Kitchen - utility room ,11290,0.0,7.527,0,51.0,1,1
2829,2025-02-21 17:38:58.874000+00:00,FW81-KT1-W,Laundry,Kitchen - utility room ,13135,0.0,8.757,0,59.75,1,1
2829,2025-02-21 17:44:58.842000+00:00,FW81-KT1-W,Laundry,Kitchen - utility room ,14192,0.0,9.461,0,59.75,1,1
2732,2025-02-21 13:43:18.113000+00:00,FW56-KT-W,Laundry,Kitchen,11259,1.0,7.506,0,58.25,1,1
2732,2025-02-21 13:54:18.064000+00:00,FW56-KT-W,Laundry,Kitchen,15641,1.0,10.427,0,80.5,1,1
2118,2025-02-21 14:35:13.943000+00:00,FW03-KT1-FK,Faucet,Kitchen,11717,5.0,7.812,1,107.0,1,1
2731,2025-02-21 04:40:36.542000+00:00,FW56-KT-FK,Faucet,Kichen,12301,1.0,8.201,1,55.75,1,1
2731,2025-02-21 10:14:34.691000+00:00,FW56-KT-FK,Faucet,Kichen,12636,0.0,8.424,1,60.0,1,1
2731,2025-02-21 13:13:33.682000+00:00,FW56-KT-FK,Faucet,Kichen,11570,0.0,7.713,1,60.25,1,1
2731,2025-02-21 20:00:31.482000+00:00,FW56-KT-FK,Faucet,Kichen,11901,0.0,7.934,1,60.0,1,1
2731,2025-02-21 21:02:31.140000+00:00,FW56-KT-FK,Faucet,Kichen,12563,0.0,8.375,1,60.0,1,1
2109,2025-02-21 11:46:37.238000+00:00,FW63-KT1-W,Laundry,Kitchen - utility room ,14619,0.0,9.746,0,60.0,1,1
2806,2025-02-21 15:16:40.587000+00:00,FW19-KT1-D,Dishwasher,Dishwasher ,16183,3.0,10.788,0,280.25,1,1
2807,2025-02-21 15:32:53.503000+00:00,FW19-KT1-FK,Faucet,Kitchen sink cold,29849,15.0,19.9,0,199.75,1,1
2657,2025-02-22 14:26:39.807000+00:00,FW04-BA1-Fb,Faucet,Bathroom 1st floor - main,14350,0.0,9.567,1,60.25,1,1
2657,2025-02-22 14:27:39.807000+00:00,FW04-BA1-Fb,Faucet,Bathroom 1st floor - main,14434,0.0,9.622,1,59.75,1,1
2928,2025-02-22 12:07:52.927000+00:00,FW24-KT1-W,Laundry,Kitchen,15120,1.0,10.08,0,59.25,1,1
2928,2025-02-22 14:58:52.154000+00:00,FW24-KT1-W,Laundry,Kitchen,11642,0.0,7.761,0,46.25,1,1
2928,2025-02-22 17:52:51.335000+00:00,FW24-KT1-W,Laundry,Kitchen,14595,0.0,9.73,0,57.75,1,1
2731,2025-02-22 09:05:27.108000+00:00,FW56-KT-FK,Faucet,Kichen,12536,0.0,8.357,1,60.0,1,1
2731,2025-02-22 09:06:27.108000+00:00,FW56-KT-FK,Faucet,Kichen,12615,0.0,8.41,1,60.0,1,1
2731,2025-02-22 12:54:25.833000+00:00,FW56-KT-FK,Faucet,Kichen,11678,0.0,7.785,1,60.0,1,1
2731,2025-02-22 23:28:22.345000+00:00,FW56-KT-FK,Faucet,Kichen,12663,0.0,8.442,1,59.75,1,1
2731,2025-02-22 23:29:22.339000+00:00,FW56-KT-FK,Faucet,Kichen,12681,0.0,8.454,1,60.25,1,1
2097,2025-02-22 12:00:31.034000+00:00,FW46-BA1-F,Faucet,Bathroom 1st floor - main,19377,10.0,12.918,1,133.75,1,1
2736,2025-02-22 11:08:57.437000+00:00,FW43-KT1-FK,Faucet,Kitchen ,12018,0.0,8.012,1,59.75,1,1
2736,2025-02-22 13:09:57.017000+00:00,FW43-KT1-FK,Faucet,Kitchen ,11880,1.0,7.92,1,60.0,1,1
2109,2025-02-22 09:07:29.475000+00:00,FW63-KT1-W,Laundry,Kitchen - utility room ,14589,0.0,9.726,0,60.0,1,1
2109,2025-02-22 11:24:28.627000+00:00,FW63-KT1-W,Laundry,Kitchen - utility room ,14411,0.0,9.607,0,60.25,1,1
2140,2025-02-22 10:18:57.481000+00:00,FW26-KT1-W,Laundry,Kitchen,17797,2.0,11.865,0,99.0,3,1
2729,2025-02-22 13:16:08.308000+00:00,FW34-KT1-W,Laundry,Kitchen - utility room ,11713,0.0,7.809,0,60.0,1,1
3188,2025-02-22 13:11:04.338000+00:00,FW70-KT-WM,Laundry,Kitchen,11541,1.0,7.694,0,51.0,1,1
3188,2025-02-22 15:47:03.642000+00:00,FW70-KT-WM,Laundry,Kitchen,14758,0.0,9.839,0,60.0,1,1
3031,2025-02-22 00:24:21.126000+00:00,FW67-KT1-W,Laundry,Kitchen,12918,0.0,8.612,0,60.0,1,1
3031,2025-02-22 00:25:21.126000+00:00,FW67-KT1-W,Laundry,Kitchen,12929,0.0,8.619,0,60.0,1,1
3031,2025-02-22 00:43:21.023000+00:00,FW67-KT1-W,Laundry,Kitchen,12949,0.0,8.633,0,59.75,1,1
3031,2025-02-22 00:44:21.029000+00:00,FW67-KT1-W,Laundry,Kitchen,12967,0.0,8.645,0,60.25,1,1
3031,2025-02-22 01:02:20.928000+00:00,FW67-KT1-W,Laundry,Kitchen,13653,0.0,9.102,0,60.25,1,1
3031,2025-02-22 01:03:20.928000+00:00,FW67-KT1-W,Laundry,Kitchen,13624,0.0,9.082,0,59.75,1,1
2149,2025-02-22 21:13:37.616000+00:00,FW30-BA1-T,WC,Bathroom - 2nd floor,12700,1.0,8.467,0,41.5,1,1
2738,2025-02-22 14:38:46.452000+00:00,FW09-KT1-W,Laundry,Kitchen - utility room ,11625,0.0,7.75,0,60.0,1,1
2738,2025-02-22 14:49:46.398000+00:00,FW09-KT1-W,Laundry,Kitchen - utility room ,11838,0.0,7.892,0,59.75,1,1
2147,2025-02-22 09:41:51.953000+00:00,FW30-KT1-FK,Faucet,Kitchen,11683,0.0,7.789,1,60.25,1,1
2147,2025-02-22 17:52:48.897000+00:00,FW30-KT1-FK,Faucet,Kitchen,11456,1.0,7.637,1,39.25,1,1
2147,2025-02-22 19:05:48.443000+00:00,FW30-KT1-FK,Faucet,Kitchen,15313,0.0,10.209,1,54.5,1,1
2723,2025-02-22 16:04:15.786000+00:00,FW53-KT1-W,Laundry,Kitchen ,21543,7.0,14.362,0,113.25,1,1
2135,2025-02-22 13:55:27.658000+00:00,FW26-BA1-T,WC,Bathroom 1st floor ,13144,1.0,8.762,0,41.75,1,1
2829,2025-02-22 09:38:54.569000+00:00,FW81-KT1-W,Laundry,Kitchen - utility room ,13300,0.0,8.867,0,60.0,1,1
2829,2025-02-22 09:47:54.518000+00:00,FW81-KT1-W,Laundry,Kitchen - utility room ,14092,0.0,9.395,0,60.25,1,1
2829,2025-02-22 10:30:54.324000+00:00,FW81-KT1-W,Laundry,Kitchen - utility room ,11456,0.0,7.637,0,51.5,1,1
2829,2025-02-22 10:44:54.261000+00:00,FW81-KT1-W,Laundry,Kitchen - utility room ,13027,0.0,8.685,0,59.75,1,1
2829,2025-02-22 10:48:54.258000+00:00,FW81-KT1-W,Laundry,Kitchen - utility room ,13201,0.0,8.801,0,60.0,1,1
2829,2025-02-22 10:54:54.234000+00:00,FW81-KT1-W,Laundry,Kitchen - utility room ,14299,0.0,9.532,0,60.0,1,1
2252,2025-02-22 05:59:42.998000+00:00,FW05-KT1-W,Laundry,Utility room ,12278,1.0,8.185,0,49.75,1,1
2252,2025-02-22 09:06:42.273000+00:00,FW05-KT1-W,Laundry,Utility room ,23759,1.0,15.839,0,99.5,1,1
2807,2025-02-22 15:34:28.388000+00:00,FW19-KT1-FK,Faucet,Kitchen sink cold,11372,7.0,7.582,0,60.25,1,1
2812,2025-02-22 16:17:11.076000+00:00,FW65-KT1-W,Laundry,Washing machine ,18387,0.0,12.258,0,59.75,1,1
2812,2025-02-22 16:32:10.992000+00:00,FW65-KT1-W,Laundry,Washing machine ,11590,1.0,7.727,0,33.0,1,1
2812,2025-02-22 16:33:10.992000+00:00,FW65-KT1-W,Laundry,Washing machine ,15622,1.0,10.415,0,45.25,1,1
2101,2025-02-22 06:56:16.289000+00:00,FW46-KT1-FK,Faucet,Kitchen,14383,1.0,9.589,1,67.5,1,1
2101,2025-02-22 10:08:15.112000+00:00,FW46-KT1-FK,Faucet,Kitchen,11310,0.0,7.54,1,56.75,1,1
2101,2025-02-22 17:48:12.258000+00:00,FW46-KT1-FK,Faucet,Kitchen,11592,0.0,7.728,1,58.25,1,1
2101,2025-02-22 19:33:11.623000+00:00,FW46-KT1-FK,Faucet,Kitchen,12986,0.0,8.657,1,60.0,1,1
3090,2025-02-22 10:10:36.724000+00:00,FW62-KT-WM,Laundry,Kitchen,11926,0.0,7.95,0,58.75,1,1
3090,2025-02-22 10:25:36.646000+00:00,FW62-KT-WM,Laundry,Kitchen,12368,0.0,8.245,0,60.0,1,1
3090,2025-02-22 13:13:35.845000+00:00,FW62-KT-WM,Laundry,Kitchen,12427,0.0,8.284,0,60.0,1,1
2100,2025-02-22 01:20:38.678000+00:00,FW46-BA2-T,WC,Bathroom 1st floor - ensuite ,11215,2.0,7.476,0,59.75,1,1
2103,2025-02-22 01:46:04.057000+00:00,FW46-BA3-T,WC,Bathroom - ground floor,53474,4.0,35.649,0,424.25,1,1
2103,2025-02-22 13:16:16.024000+00:00,FW46-BA3-T,WC,Bathroom - ground floor,70725,6.0,47.15,0,605.0,1,1
2103,2025-02-22 13:19:08.760000+00:00,FW46-BA3-T,WC,Bathroom - ground floor,13399,1.0,8.933,0,99.75,1,1
2103,2025-02-22 16:19:59.182000+00:00,FW46-BA3-T,WC,Bathroom - ground floor,26650,2.0,17.766,0,197.0,1,1
2806,2025-02-22 16:46:23.655000+00:00,FW19-KT1-D,Dishwasher,Dishwasher ,57774,15.0,38.516,0,1006.25,1,1
2731,2025-02-23 07:25:19.792000+00:00,FW56-KT-FK,Faucet,Kichen,12958,0.0,8.639,1,60.0,1,1
2731,2025-02-23 07:52:19.592000+00:00,FW56-KT-FK,Faucet,Kichen,12848,0.0,8.566,1,59.75,1,1
2731,2025-02-23 17:11:16.513000+00:00,FW56-KT-FK,Faucet,Kichen,12901,0.0,8.601,1,60.25,1,1
2731,2025-02-23 17:37:16.416000+00:00,FW56-KT-FK,Faucet,Kichen,11712,0.0,7.808,1,60.0,1,1
2657,2025-02-23 12:27:32.612000+00:00,FW04-BA1-Fb,Faucet,Bathroom 1st floor - main,13903,1.0,9.269,1,57.25,1,1
2657,2025-02-23 12:28:32.589000+00:00,FW04-BA1-Fb,Faucet,Bathroom 1st floor - main,11354,0.0,7.569,1,49.25,1,1
2149,2025-02-23 11:41:33.365000+00:00,FW30-BA1-T,WC,Bathroom - 2nd floor,17879,0.0,11.92,0,60.25,1,1
2147,2025-02-23 11:55:42.193000+00:00,FW30-KT1-FK,Faucet,Kitchen,12913,0.0,8.609,1,46.0,1,1
2101,2025-02-23 07:56:07.023000+00:00,FW46-KT1-FK,Faucet,Kitchen,19805,1.0,13.203,1,89.0,1,1
2101,2025-02-23 13:40:04.894000+00:00,FW46-KT1-FK,Faucet,Kitchen,20590,2.0,13.727,1,94.5,1,1
2101,2025-02-23 13:58:04.791000+00:00,FW46-KT1-FK,Faucet,Kitchen,15973,1.0,10.649,1,87.25,1,1
2101,2025-02-23 22:53:01.487000+00:00,FW46-KT1-FK,Faucet,Kitchen,12952,1.0,8.635,1,55.25,1,1
2729,2025-02-23 19:25:59.208000+00:00,FW34-KT1-W,Laundry,Kitchen - utility room ,11747,0.0,7.832,0,60.0,1,1
2806,2025-02-23 00:16:28.899000+00:00,FW19-KT1-D,Dishwasher,Dishwasher ,21986,4.0,14.657,0,379.5,1,1
2723,2025-02-23 15:55:08.374000+00:00,FW53-KT1-W,Laundry,Kitchen ,11213,0.0,7.476,0,60.0,1,1
3031,2025-02-23 23:26:06.760000+00:00,FW67-KT1-W,Laundry,Kitchen,13196,0.0,8.798,0,60.25,1,1
3031,2025-02-23 23:52:06.632000+00:00,FW67-KT1-W,Laundry,Kitchen,13238,0.0,8.825,0,60.25,1,1
3031,2025-02-23 23:53:06.632000+00:00,FW67-KT1-W,Laundry,Kitchen,13250,0.0,8.833,0,59.75,1,1
3484,2025-02-23 07:44:21.873000+00:00,FW46-KT-W2,Laundry,Kitchen,12276,0.0,8.184,0,59.75,1,1
3484,2025-02-23 14:35:19.804000+00:00,FW46-KT-W2,Laundry,Kitchen,11427,0.0,7.618,0,55.75,1,1
3484,2025-02-23 21:47:17.652000+00:00,FW46-KT-W2,Laundry,Kitchen,12643,0.0,8.429,0,60.25,1,1
3484,2025-02-23 22:05:17.541000+00:00,FW46-KT-W2,Laundry,Kitchen,13188,1.0,8.792,0,60.25,1,1
2123,2025-02-23 13:58:54.958000+00:00,FW23-BA1-T,WC,Bathroom 1st floor ,11666,1.0,7.777,0,46.75,1,1
3188,2025-02-23 14:30:57.457000+00:00,FW70-KT-WM,Laundry,Kitchen,11703,2.0,7.802,0,51.5,1,1
3188,2025-02-23 14:57:57.338000+00:00,FW70-KT-WM,Laundry,Kitchen,13953,0.0,9.302,0,60.0,1,1
2135,2025-02-23 22:54:16.758000+00:00,FW26-BA1-T,WC,Bathroom 1st floor ,11990,0.0,7.993,0,36.0,1,1
2807,2025-02-23 15:13:19.569000+00:00,FW19-KT1-FK,Faucet,Kitchen sink cold,11572,10.0,7.715,0,47.5,1,1
2807,2025-02-23 22:09:32.873000+00:00,FW19-KT1-FK,Faucet,Kitchen sink cold,13546,3.0,9.03,0,54.25,1,1
2816,2025-02-23 08:59:05.106000+00:00,FW35-KT1-FK,Faucet,Kitchen sink,15450,0.0,10.3,1,60.25,1,1
2736,2025-02-23 16:05:51.426000+00:00,FW43-KT1-FK,Faucet,Kitchen ,11607,0.0,7.738,1,60.25,1,1
2736,2025-02-23 22:06:50.186000+00:00,FW43-KT1-FK,Faucet,Kitchen ,12207,0.0,8.138,1,59.5,1,1
2251,2025-02-23 19:04:47.154000+00:00,FW66-KT1-W,Laundry,Kitchen - utility room ,11518,1.0,7.679,0,49.0,1,1
2251,2025-02-23 19:10:47.121000+00:00,FW66-KT1-W,Laundry,Kitchen - utility room ,12694,1.0,8.462,0,53.0,1,1
2251,2025-02-23 19:17:47.064000+00:00,FW66-KT1-W,Laundry,Kitchen - utility room ,12956,1.0,8.637,0,54.25,1,1
2120,2025-02-23 10:26:40.413000+00:00,FW03-KT1-W,Laundry,Kitchen - utility room ,42275,15.0,28.183,0,155.0,2,1
2100,2025-02-23 20:44:25.418000+00:00,FW46-BA2-T,WC,Bathroom 1st floor - ensuite ,37764,8.0,25.176,0,206.0,1,1
2729,2025-02-24 11:54:54.218000+00:00,FW34-KT1-W,Laundry,Kitchen - utility room ,11665,0.0,7.776,0,59.75,1,1
2732,2025-02-24 09:03:57.632000+00:00,FW56-KT-W,Laundry,Kitchen,11344,0.0,7.563,0,60.25,1,1
2732,2025-02-24 13:13:56.370000+00:00,FW56-KT-W,Laundry,Kitchen,11375,0.0,7.583,0,60.0,1,1
2732,2025-02-24 15:00:55.826000+00:00,FW56-KT-W,Laundry,Kitchen,11427,0.0,7.618,0,59.75,1,1
3031,2025-02-24 00:11:06.540000+00:00,FW67-KT1-W,Laundry,Kitchen,14024,0.0,9.35,0,60.0,1,1
3031,2025-02-24 00:12:06.521000+00:00,FW67-KT1-W,Laundry,Kitchen,14010,0.0,9.34,0,60.0,1,1
3031,2025-02-24 23:26:59.453000+00:00,FW67-KT1-W,Laundry,Kitchen,13170,0.0,8.78,0,60.0,1,1
3031,2025-02-24 23:55:59.299000+00:00,FW67-KT1-W,Laundry,Kitchen,12490,1.0,8.327,0,56.75,1,1
3031,2025-02-24 23:56:59.299000+00:00,FW67-KT1-W,Laundry,Kitchen,13259,0.0,8.839,0,60.0,1,1
2812,2025-02-24 11:45:58.119000+00:00,FW65-KT1-W,Laundry,Washing machine ,18505,0.0,12.337,0,60.25,1,1
2812,2025-02-24 12:03:58.024000+00:00,FW65-KT1-W,Laundry,Washing machine ,15934,1.0,10.623,0,47.25,1,1
2816,2025-02-24 22:08:53.834000+00:00,FW35-KT1-FK,Faucet,Kitchen sink,13559,0.0,9.039,1,51.0,1,1
2130,2025-02-24 17:02:53.970000+00:00,FW42-KT1-W,Laundry,Kitchen - utility room ,17639,0.0,11.759,0,60.25,1,1
2130,2025-02-24 17:11:53.912000+00:00,FW42-KT1-W,Laundry,Kitchen - utility room ,11926,1.0,7.95,0,40.5,1,1
2186,2025-02-24 17:47:41.653000+00:00,FW23-KT1-FKb,Faucet,Kitchen,11686,2.0,7.79,0,70.5,1,1
2829,2025-02-24 08:33:42.019000+00:00,FW81-KT1-W,Laundry,Kitchen - utility room ,13179,0.0,8.786,0,60.25,1,1
2829,2025-02-24 08:37:42.003000+00:00,FW81-KT1-W,Laundry,Kitchen - utility room ,13244,0.0,8.83,0,60.0,1,1
2829,2025-02-24 08:42:42.014000+00:00,FW81-KT1-W,Laundry,Kitchen - utility room ,13989,0.0,9.326,0,59.75,1,1
2829,2025-02-24 08:43:41.967000+00:00,FW81-KT1-W,Laundry,Kitchen - utility room ,12424,0.0,8.283,0,53.0,1,1
2829,2025-02-24 09:35:41.747000+00:00,FW81-KT1-W,Laundry,Kitchen - utility room ,11253,0.0,7.502,0,60.0,1,1
2829,2025-02-24 09:39:41.734000+00:00,FW81-KT1-W,Laundry,Kitchen - utility room ,11748,0.0,7.832,0,60.0,1,1
2829,2025-02-24 09:45:41.699000+00:00,FW81-KT1-W,Laundry,Kitchen - utility room ,14207,0.0,9.471,0,60.25,1,1
2734,2025-02-24 12:01:21.176000+00:00,FW43-KT1-W,Laundry,Kitchen,11354,0.0,7.569,0,59.75,1,1
2734,2025-02-24 12:29:21.040000+00:00,FW43-KT1-W,Laundry,Kitchen,11437,0.0,7.625,0,60.0,1,1
2109,2025-02-24 10:25:11.520000+00:00,FW63-KT1-W,Laundry,Kitchen - utility room ,14554,0.0,9.703,0,60.0,1,1
3190,2025-02-24 05:39:09.351000+00:00,FW29-KT-FK,Faucet,Kitchen,11599,0.0,7.733,1,59.75,1,1
3041,2025-02-24 11:30:10.133000+00:00,FW16-KT-WM,Laundry,Kichen,14639,0.0,9.759,0,60.0,1,1
3041,2025-02-24 11:40:10.064000+00:00,FW16-KT-WM,Laundry,Kichen,11209,0.0,7.472,0,46.0,1,1
2806,2025-02-24 00:30:12.422000+00:00,FW19-KT1-D,Dishwasher,Dishwasher ,44572,8.0,29.715,0,772.5,1,1
2731,2025-02-24 10:01:10.955000+00:00,FW56-KT-FK,Faucet,Kichen,12205,0.0,8.137,1,60.0,1,1
2731,2025-02-24 13:18:09.875000+00:00,FW56-KT-FK,Faucet,Kichen,12567,0.0,8.378,1,60.0,1,1
2731,2025-02-24 17:58:08.338000+00:00,FW56-KT-FK,Faucet,Kichen,12142,0.0,8.095,1,60.0,1,1
2933,2025-02-24 23:41:32.412000+00:00,FW77-KT-FKb,Faucet,Kitchen,12518,0.0,8.346,0,60.0,1,1
3092,2025-02-24 09:44:21.871000+00:00,FW62-BA-F,Faucet,Bathroom,13274,0.0,8.849,0,60.0,1,1
2101,2025-02-24 06:49:58.540000+00:00,FW46-KT1-FK,Faucet,Kitchen,48408,7.0,32.272,1,223.5,1,1
2101,2025-02-24 07:26:58.408000+00:00,FW46-KT1-FK,Faucet,Kitchen,11394,10.0,7.596,0,64.75,1,1
2101,2025-02-24 16:39:54.896000+00:00,FW46-KT1-FK,Faucet,Kitchen,11718,2.0,7.812,1,73.0,1,1
2101,2025-02-24 19:19:53.926000+00:00,FW46-KT1-FK,Faucet,Kitchen,25657,18.0,17.104,1,155.75,1,1
2098,2025-02-25 15:32:04.713000+00:00,FW46-BA1-T,WC,Bathroom 1st floor - main,16201,1.0,10.801,0,77.0,1,1
3484,2025-02-25 10:38:06.659000+00:00,FW46-KT-W2,Laundry,Kitchen,11736,0.0,7.824,0,59.75,1,1
3484,2025-02-25 10:47:06.620000+00:00,FW46-KT-W2,Laundry,Kitchen,11387,0.0,7.592,0,60.25,1,1
3484,2025-02-25 10:58:06.574000+00:00,FW46-KT-W2,Laundry,Kitchen,12571,0.0,8.381,0,60.0,1,1
3484,2025-02-25 12:28:06.121000+00:00,FW46-KT-W2,Laundry,Kitchen,11945,0.0,7.963,0,59.75,1,1
3484,2025-02-25 12:55:05.994000+00:00,FW46-KT-W2,Laundry,Kitchen,20175,1.0,13.45,0,101.25,1,1
3484,2025-02-25 12:59:05.973000+00:00,FW46-KT-W2,Laundry,Kitchen,19704,3.0,13.136,0,97.25,1,1
2133,2025-02-25 07:07:54.785000+00:00,FW42-BA1-F,Faucet,Bathroom 1st floor - ensuite ,11836,1.0,7.891,0,53.75,2,1
2252,2025-02-25 07:42:26.059000+00:00,FW05-KT1-W,Laundry,Utility room ,12627,1.0,8.418,0,52.0,1,1
2252,2025-02-25 07:43:26.059000+00:00,FW05-KT1-W,Laundry,Utility room ,12705,0.0,8.47,0,53.25,1,1
2252,2025-02-25 10:06:25.522000+00:00,FW05-KT1-W,Laundry,Utility room ,14508,0.0,9.672,0,60.25,1,1
2252,2025-02-25 10:18:25.468000+00:00,FW05-KT1-W,Laundry,Utility room ,18180,7.0,12.12,0,75.25,1,1
2130,2025-02-25 07:14:48.813000+00:00,FW42-KT1-W,Laundry,Kitchen - utility room ,17623,1.0,11.749,0,59.0,1,1
2130,2025-02-25 07:41:48.665000+00:00,FW42-KT1-W,Laundry,Kitchen - utility room ,17422,1.0,11.615,0,60.0,1,1
2130,2025-02-25 07:47:48.622000+00:00,FW42-KT1-W,Laundry,Kitchen - utility room ,12244,1.0,8.162,0,41.75,1,1
2731,2025-02-25 00:08:06.309000+00:00,FW56-KT-FK,Faucet,Kichen,11300,1.0,7.534,1,51.5,1,1
2731,2025-02-25 07:18:03.975000+00:00,FW56-KT-FK,Faucet,Kichen,12492,0.0,8.328,1,60.0,1,1
2731,2025-02-25 08:52:03.409000+00:00,FW56-KT-FK,Faucet,Kichen,11578,1.0,7.719,1,54.25,1,1
2731,2025-02-25 10:39:02.818000+00:00,FW56-KT-FK,Faucet,Kichen,12863,0.0,8.576,1,60.25,1,1
2731,2025-02-25 12:38:02.165000+00:00,FW56-KT-FK,Faucet,Kichen,11996,0.0,7.998,1,59.75,1,1
2731,2025-02-25 17:56:00.409000+00:00,FW56-KT-FK,Faucet,Kichen,13098,0.0,8.732,1,60.0,1,1
2731,2025-02-25 22:13:58.989000+00:00,FW56-KT-FK,Faucet,Kichen,12563,0.0,8.375,1,58.5,1,1
2121,2025-02-25 10:21:37.105000+00:00,FW23-KT1-W,Laundry,Kitchen ,15752,1.0,10.502,0,59.5,1,1
2121,2025-02-25 10:29:36.971000+00:00,FW23-KT1-W,Laundry,Kitchen ,12129,1.0,8.086,0,46.25,1,1
3045,2025-02-25 14:01:01.418000+00:00,FW58-KT-WM,Laundry,Kitchen,12263,2.0,8.176,0,50.25,1,1
3045,2025-02-25 14:15:01.348000+00:00,FW58-KT-WM,Laundry,Kitchen,13220,0.0,8.814,0,49.75,1,1
2736,2025-02-25 18:03:41.121000+00:00,FW43-KT1-FK,Faucet,Kitchen ,11745,0.0,7.83,1,60.0,1,1
2736,2025-02-25 18:04:41.121000+00:00,FW43-KT1-FK,Faucet,Kitchen ,11713,0.0,7.808,1,60.0,1,1
2758,2025-02-25 19:35:27.516000+00:00,FW59-BA1-S,Shower,Shower,14515,0.0,9.676,1,60.0,1,1
2758,2025-02-25 19:36:27.460000+00:00,FW59-BA1-S,Shower,Shower,14595,0.0,9.73,1,60.0,1,1
2758,2025-02-25 19:37:27.460000+00:00,FW59-BA1-S,Shower,Shower,14563,0.0,9.709,1,60.0,1,1
2758,2025-02-25 19:38:27.496000+00:00,FW59-BA1-S,Shower,Shower,14617,0.0,9.745,1,60.25,1,1
2758,2025-02-25 19:39:27.496000+00:00,FW59-BA1-S,Shower,Shower,11858,0.0,7.905,1,48.75,1,1
3031,2025-02-25 00:14:59.204000+00:00,FW67-KT1-W,Laundry,Kitchen,13208,0.0,8.805,0,60.0,1,1
3031,2025-02-25 00:15:59.196000+00:00,FW67-KT1-W,Laundry,Kitchen,13206,0.0,8.804,0,60.0,1,1
3031,2025-02-25 00:27:59.140000+00:00,FW67-KT1-W,Laundry,Kitchen,14002,0.0,9.335,0,60.0,1,1
3031,2025-02-25 00:28:59.140000+00:00,FW67-KT1-W,Laundry,Kitchen,13067,0.0,8.711,0,56.0,1,1
2110,2025-02-25 09:37:30.962000+00:00,FW63-BA3-T,WC,Bathroom - ground floor,11719,1.0,7.813,0,47.5,1,1
2135,2025-02-25 19:11:02.119000+00:00,FW26-BA1-T,WC,Bathroom 1st floor ,13767,1.0,9.178,0,43.5,1,1
2829,2025-02-25 08:25:35.644000+00:00,FW81-KT1-W,Laundry,Kitchen - utility room ,12192,1.0,8.128,0,54.5,1,1
2829,2025-02-25 08:40:35.584000+00:00,FW81-KT1-W,Laundry,Kitchen - utility room ,12573,0.0,8.382,0,57.75,1,1
2829,2025-02-25 08:43:35.560000+00:00,FW81-KT1-W,Laundry,Kitchen - utility room ,12462,1.0,8.308,0,57.0,1,1
2829,2025-02-25 08:49:35.532000+00:00,FW81-KT1-W,Laundry,Kitchen - utility room ,14134,0.0,9.423,0,60.25,1,1
2101,2025-02-25 06:03:49.938000+00:00,FW46-KT1-FK,Faucet,Kitchen,22979,1.0,15.319,1,102.0,1,1
2101,2025-02-25 06:17:49.865000+00:00,FW46-KT1-FK,Faucet,Kitchen,18781,10.0,12.521,0,73.5,1,1
2101,2025-02-25 06:22:49.836000+00:00,FW46-KT1-FK,Faucet,Kitchen,13603,0.0,9.068,1,59.75,1,1
2101,2025-02-25 06:37:49.721000+00:00,FW46-KT1-FK,Faucet,Kitchen,11305,4.0,7.537,1,55.0,1,1
2101,2025-02-25 09:04:48.828000+00:00,FW46-KT1-FK,Faucet,Kitchen,13217,0.0,8.811,1,60.0,1,1
2101,2025-02-25 21:39:51.407000+00:00,FW46-KT1-FK,Faucet,Kitchen,13820,1.0,9.213,1,67.0,1,1
3041,2025-02-25 09:46:02.661000+00:00,FW16-KT-WM,Laundry,Kichen,14098,1.0,9.399,0,56.5,1,1
3092,2025-02-25 09:52:15.309000+00:00,FW62-BA-F,Faucet,Bathroom,16033,0.0,10.689,0,60.0,1,1
3120,2025-02-25 20:55:03.013000+00:00,FW72-KT-FK,Faucet,Kitchen,12234,0.0,8.156,1,60.25,1,1
2109,2025-02-25 20:32:59.127000+00:00,FW63-KT1-W,Laundry,Kitchen - utility room ,11318,1.0,7.546,0,45.75,1,1
2109,2025-02-25 20:33:59.100000+00:00,FW63-KT1-W,Laundry,Kitchen - utility room ,13857,0.0,9.238,0,57.5,1,1
2928,2025-02-25 19:09:30.996000+00:00,FW24-KT1-W,Laundry,Kitchen,15119,0.0,10.079,0,60.25,1,1
2933,2025-02-25 05:14:30.615000+00:00,FW77-KT-FKb,Faucet,Kitchen,11674,0.0,7.783,1,60.0,1,1
2120,2025-02-25 12:26:26.047000+00:00,FW03-KT1-W,Laundry,Kitchen - utility room ,44029,20.0,29.353,0,160.5,2,1
2906,2025-02-25 10:02:04.168000+00:00,FW02-KT1-DW,Dishwasher,Kitchen,25346,4.0,16.897,0,439.75,1,1
2907,2025-02-25 10:04:19.253000+00:00,FW02-KT1-FK,Faucet,Kichen,16783,9.0,11.189,0,73.5,1,1
2907,2025-02-25 17:46:16.877000+00:00,FW02-KT1-FK,Faucet,Kichen,11218,0.0,7.479,1,60.25,1,1
2907,2025-02-25 17:47:16.877000+00:00,FW02-KT1-FK,Faucet,Kichen,11151,0.0,7.434,1,59.75,1,1
2103,2025-02-25 11:04:45.444000+00:00,FW46-BA3-T,WC,Bathroom - ground floor,212526,16.0,141.684,0,1705.25,1,1
2103,2025-02-25 14:19:51.617000+00:00,FW46-BA3-T,WC,Bathroom - ground floor,13276,1.0,8.851,0,101.25,1,1
2103,2025-02-25 22:18:41.735000+00:00,FW46-BA3-T,WC,Bathroom - ground floor,40126,3.0,26.751,0,321.75,1,1
2097,2025-02-25 15:27:58.106000+00:00,FW46-BA1-F,Faucet,Bathroom 1st floor - main,21298,12.0,14.198,1,154.0,1,1
2807,2025-02-25 21:53:07.825000+00:00,FW19-KT1-FK,Faucet,Kitchen sink cold,12647,9.0,8.431,0,83.25,1,1
2731,2025-02-26 07:06:56.114000+00:00,FW56-KT-FK,Faucet,Kichen,11479,1.0,7.653,1,53.5,1,1
2731,2025-02-26 07:14:56.026000+00:00,FW56-KT-FK,Faucet,Kichen,11540,0.0,7.693,1,54.25,1,1
2731,2025-02-26 07:33:55.927000+00:00,FW56-KT-FK,Faucet,Kichen,11336,1.0,7.558,1,52.25,1,1
2731,2025-02-26 09:03:55.437000+00:00,FW56-KT-FK,Faucet,Kichen,12086,1.0,8.057,1,58.5,1,1
2731,2025-02-26 15:00:53.464000+00:00,FW56-KT-FK,Faucet,Kichen,12778,0.0,8.518,1,60.25,1,1
2731,2025-02-26 15:08:53.428000+00:00,FW56-KT-FK,Faucet,Kichen,12835,1.0,8.556,1,60.25,1,1
2731,2025-02-26 15:09:53.428000+00:00,FW56-KT-FK,Faucet,Kichen,12796,0.0,8.531,1,59.75,1,1
2731,2025-02-26 16:17:53.045000+00:00,FW56-KT-FK,Faucet,Kichen,12786,0.0,8.524,1,59.75,1,1
2731,2025-02-26 16:22:53.009000+00:00,FW56-KT-FK,Faucet,Kichen,17088,2.0,11.392,1,105.5,1,1
2731,2025-02-26 16:25:52.998000+00:00,FW56-KT-FK,Faucet,Kichen,12700,0.0,8.466,1,60.0,1,1
2135,2025-02-26 10:43:56.653000+00:00,FW26-BA1-T,WC,Bathroom 1st floor ,12777,1.0,8.518,0,40.75,1,1
2723,2025-02-26 20:30:44.754000+00:00,FW53-KT1-W,Laundry,Kitchen ,11257,0.0,7.505,0,60.0,1,1
2131,2025-02-26 13:49:58.554000+00:00,FW42-KT1-FK,Faucet,Kitchen,31174,3.0,20.783,1,126.25,1,1
2928,2025-02-26 08:03:27.405000+00:00,FW24-KT1-W,Laundry,Kitchen,15217,0.0,10.145,0,60.0,1,1
3031,2025-02-26 23:07:44.958000+00:00,FW67-KT1-W,Laundry,Kitchen,13025,0.0,8.683,0,60.0,1,1
3031,2025-02-26 23:29:44.836000+00:00,FW67-KT1-W,Laundry,Kitchen,13777,0.0,9.185,0,60.25,1,1
3031,2025-02-26 23:30:44.836000+00:00,FW67-KT1-W,Laundry,Kitchen,12078,0.0,8.052,0,52.5,1,1
3041,2025-02-26 11:53:53.890000+00:00,FW16-KT-WM,Laundry,Kichen,26797,1.0,17.864,0,109.75,1,1
3041,2025-02-26 12:04:53.847000+00:00,FW16-KT-WM,Laundry,Kichen,14668,0.0,9.779,0,60.0,1,1
2249,2025-02-26 16:09:51.966000+00:00,FW66-KT1-FK,Faucet,Kitchen,15545,0.0,10.364,1,59.75,1,1
2729,2025-02-26 11:50:39.795000+00:00,FW34-KT1-W,Laundry,Kitchen - utility room ,11743,0.0,7.828,0,59.75,1,1
2101,2025-02-26 05:27:41.284000+00:00,FW46-KT1-FK,Faucet,Kitchen,12020,1.0,8.013,1,59.75,1,1
2101,2025-02-26 07:24:40.661000+00:00,FW46-KT1-FK,Faucet,Kitchen,11143,4.0,7.429,1,61.5,1,1
2101,2025-02-26 19:24:36.143000+00:00,FW46-KT1-FK,Faucet,Kitchen,12455,0.0,8.304,1,60.0,1,1
2101,2025-02-26 19:25:36.123000+00:00,FW46-KT1-FK,Faucet,Kitchen,12422,0.0,8.281,1,60.25,1,1
3036,2025-02-26 15:07:15.926000+00:00,FW11-KT-FK,Faucet,Kitchen,12638,0.0,8.425,0,60.0,1,1
2130,2025-02-26 17:53:36.250000+00:00,FW42-KT1-W,Laundry,Kitchen - utility room ,15895,1.0,10.597,0,54.75,1,1
2130,2025-02-26 18:02:36.193000+00:00,FW42-KT1-W,Laundry,Kitchen - utility room ,13112,1.0,8.741,0,44.5,1,1
2816,2025-02-26 21:31:39.592000+00:00,FW35-KT1-FK,Faucet,Kitchen sink,13129,0.0,8.753,1,60.0,1,1
3121,2025-02-26 12:21:49.038000+00:00,FW49-KT-WM,Laundry,Kitchen,11437,0.0,7.624,0,59.75,1,1
2829,2025-02-26 12:13:28.250000+00:00,FW81-KT1-W,Laundry,Kitchen - utility room ,16581,1.0,11.054,0,75.75,1,1
2829,2025-02-26 12:14:28.250000+00:00,FW81-KT1-W,Laundry,Kitchen - utility room ,11263,1.0,7.509,0,51.5,1,1
2829,2025-02-26 12:20:28.218000+00:00,FW81-KT1-W,Laundry,Kitchen - utility room ,14011,0.0,9.34,0,60.0,1,1
3188,2025-02-26 19:26:36.578000+00:00,FW70-KT-WM,Laundry,Kitchen,13159,0.0,8.773,0,60.25,1,1
3045,2025-02-26 08:43:56.583000+00:00,FW58-KT-WM,Laundry,Kitchen,12378,1.0,8.252,0,50.0,1,1
3484,2025-02-26 10:05:59.689000+00:00,FW46-KT-W2,Laundry,Kitchen,11743,0.0,7.828,0,59.75,1,1
3484,2025-02-26 17:04:57.631000+00:00,FW46-KT-W2,Laundry,Kitchen,15834,3.0,10.556,0,86.25,1,1
3484,2025-02-26 19:34:10.161000+00:00,FW46-KT-W2,Laundry,Kitchen,11503,0.0,7.668,0,60.0,1,1
3484,2025-02-26 19:34:56.895000+00:00,FW46-KT-W2,Laundry,Kitchen,11556,0.0,7.704,0,60.0,1,1
3484,2025-02-26 19:52:56.790000+00:00,FW46-KT-W2,Laundry,Kitchen,11768,0.0,7.845,0,60.25,1,1
3484,2025-02-26 19:53:56.790000+00:00,FW46-KT-W2,Laundry,Kitchen,11777,0.0,7.852,0,59.75,1,1
3484,2025-02-26 20:11:56.709000+00:00,FW46-KT-W2,Laundry,Kitchen,13058,0.0,8.705,0,60.0,1,1
3484,2025-02-26 21:30:56.308000+00:00,FW46-KT-W2,Laundry,Kitchen,12369,0.0,8.246,0,60.0,1,1
3484,2025-02-26 21:36:56.283000+00:00,FW46-KT-W2,Laundry,Kitchen,20101,4.0,13.4,0,110.5,1,1
2806,2025-02-26 17:21:49.491000+00:00,FW19-KT1-D,Dishwasher,Dishwasher ,65032,17.0,43.354,0,1120.25,1,1
2806,2025-02-26 22:29:55.578000+00:00,FW19-KT1-D,Dishwasher,Dishwasher ,22005,4.0,14.67,0,382.25,1,1
3187,2025-02-27 10:01:28.902000+00:00,FW70-KT-FK-cold,Faucet,Kitchen,12635,1.0,8.424,0,56.0,1,1
2732,2025-02-27 09:09:36.006000+00:00,FW56-KT-W,Laundry,Kitchen,12150,1.0,8.1,0,63.5,1,1
2732,2025-02-27 21:47:32.209000+00:00,FW56-KT-W,Laundry,Kitchen,12729,1.0,8.486,0,66.75,1,1
3192,2025-02-27 10:10:24.653000+00:00,FW29-KT-WMb,Laundry,Kitchen,11845,0.0,7.897,0,60.0,1,1
3192,2025-02-27 10:23:24.584000+00:00,FW29-KT-WMb,Laundry,Kitchen,11965,0.0,7.976,0,60.25,1,1
2101,2025-02-27 05:27:32.409000+00:00,FW46-KT1-FK,Faucet,Kitchen,28818,1.0,19.212,1,141.25,1,1
2101,2025-02-27 05:49:32.273000+00:00,FW46-KT1-FK,Faucet,Kitchen,18271,5.0,12.181,1,89.5,1,1
2101,2025-02-27 06:25:32.057000+00:00,FW46-KT1-FK,Faucet,Kitchen,14674,17.0,9.782,0,80.75,1,1
2101,2025-02-27 06:37:31.984000+00:00,FW46-KT1-FK,Faucet,Kitchen,12485,2.0,8.323,1,59.75,1,1
2101,2025-02-27 13:19:29.510000+00:00,FW46-KT1-FK,Faucet,Kitchen,13627,0.0,9.085,1,60.0,1,1
2101,2025-02-27 14:47:28.953000+00:00,FW46-KT1-FK,Faucet,Kitchen,11575,1.0,7.716,1,52.5,1,1
2101,2025-02-27 14:48:28.953000+00:00,FW46-KT1-FK,Faucet,Kitchen,12229,0.0,8.153,1,55.0,1,1
2101,2025-02-27 20:19:26.902000+00:00,FW46-KT1-FK,Faucet,Kitchen,16117,3.0,10.744,1,110.75,1,1
2101,2025-02-27 22:12:26.216000+00:00,FW46-KT1-FK,Faucet,Kitchen,12723,0.0,8.482,1,60.0,1,1
2736,2025-02-27 18:02:31.403000+00:00,FW43-KT1-FK,Faucet,Kitchen ,12106,0.0,8.071,1,60.0,1,1
2736,2025-02-27 18:03:31.400000+00:00,FW43-KT1-FK,Faucet,Kitchen ,12094,0.0,8.063,1,60.25,1,1
2812,2025-02-27 08:28:37.724000+00:00,FW65-KT1-W,Laundry,Washing machine ,18257,1.0,12.171,0,59.75,1,1
2812,2025-02-27 12:07:36.634000+00:00,FW65-KT1-W,Laundry,Washing machine ,16266,1.0,10.844,0,53.0,1,1
2812,2025-02-27 14:26:35.945000+00:00,FW65-KT1-W,Laundry,Washing machine ,16969,0.0,11.313,0,54.75,1,1
3092,2025-02-27 09:45:02.276000+00:00,FW62-BA-F,Faucet,Bathroom,13741,0.0,9.161,0,60.0,1,1
2135,2025-02-27 08:49:49.696000+00:00,FW26-BA1-T,WC,Bathroom 1st floor ,11663,0.0,7.775,0,36.75,1,1
3484,2025-02-27 11:30:52.180000+00:00,FW46-KT-W2,Laundry,Kitchen,11738,0.0,7.825,0,60.0,1,1
3484,2025-02-27 11:31:52.180000+00:00,FW46-KT-W2,Laundry,Kitchen,11948,0.0,7.965,0,60.0,1,1
3484,2025-02-27 11:45:58.733000+00:00,FW46-KT-W2,Laundry,Kitchen,11800,1.0,7.866,0,57.75,1,1
3484,2025-02-27 15:38:50.958000+00:00,FW46-KT-W2,Laundry,Kitchen,20181,1.0,13.454,0,99.25,1,1
2186,2025-02-27 15:48:22.761000+00:00,FW23-KT1-FKb,Faucet,Kitchen,20382,1.0,13.588,1,244.5,1,1
2729,2025-02-27 19:25:30.282000+00:00,FW34-KT1-W,Laundry,Kitchen - utility room ,11808,0.0,7.872,0,60.25,1,1
2829,2025-02-27 09:39:22.553000+00:00,FW81-KT1-W,Laundry,Kitchen - utility room ,11410,1.0,7.606,0,51.25,1,1
2829,2025-02-27 09:54:22.478000+00:00,FW81-KT1-W,Laundry,Kitchen - utility room ,12888,0.0,8.592,0,58.5,1,1
2829,2025-02-27 09:57:22.462000+00:00,FW81-KT1-W,Laundry,Kitchen - utility room ,12588,1.0,8.392,0,57.25,1,1
2829,2025-02-27 10:03:22.446000+00:00,FW81-KT1-W,Laundry,Kitchen - utility room ,14168,0.0,9.446,0,60.0,1,1
2251,2025-02-27 14:32:15.765000+00:00,FW66-KT1-W,Laundry,Kitchen - utility room ,12204,0.0,8.136,0,52.5,1,1
2251,2025-02-27 14:46:15.704000+00:00,FW66-KT1-W,Laundry,Kitchen - utility room ,14033,0.0,9.356,0,60.0,1,1
2251,2025-02-27 15:01:15.602000+00:00,FW66-KT1-W,Laundry,Kitchen - utility room ,13899,0.0,9.266,0,60.25,1,1
2731,2025-02-27 09:22:47.466000+00:00,FW56-KT-FK,Faucet,Kichen,18838,1.0,12.559,1,90.75,1,1
2731,2025-02-27 09:48:47.320000+00:00,FW56-KT-FK,Faucet,Kichen,12455,0.0,8.304,1,60.25,1,1
2731,2025-02-27 09:49:47.320000+00:00,FW56-KT-FK,Faucet,Kichen,12703,0.0,8.468,1,59.75,1,1
2731,2025-02-27 11:39:46.720000+00:00,FW56-KT-FK,Faucet,Kichen,12547,0.0,8.365,1,60.0,1,1
2731,2025-02-27 16:59:44.947000+00:00,FW56-KT-FK,Faucet,Kichen,12876,0.0,8.584,1,60.0,1,1
2731,2025-02-27 17:26:44.795000+00:00,FW56-KT-FK,Faucet,Kichen,12842,0.0,8.562,1,60.0,1,1
2731,2025-02-27 19:16:44.174000+00:00,FW56-KT-FK,Faucet,Kichen,12931,0.0,8.621,1,60.25,1,1
2118,2025-02-27 10:45:17.365000+00:00,FW03-KT1-FK,Faucet,Kitchen,22614,9.0,15.076,1,182.5,1,1
2100,2025-02-27 15:01:50.027000+00:00,FW46-BA2-T,WC,Bathroom 1st floor - ensuite ,12665,2.0,8.443,0,78.0,1,1
2097,2025-02-27 17:08:50.515000+00:00,FW46-BA1-F,Faucet,Bathroom 1st floor - main,13095,15.0,8.73,1,104.0,1,1
2806,2025-02-27 21:51:55.230000+00:00,FW19-KT1-D,Dishwasher,Dishwasher ,37136,11.0,24.758,0,641.0,1,1
2657,2025-02-28 14:44:52.473000+00:00,FW04-BA1-Fb,Faucet,Bathroom 1st floor - main,12761,0.0,8.508,1,54.75,1,1
2734,2025-02-28 17:25:48.722000+00:00,FW43-KT1-W,Laundry,Kitchen,11427,0.0,7.618,0,60.25,1,1
2734,2025-02-28 17:53:48.586000+00:00,FW43-KT1-W,Laundry,Kitchen,11303,0.0,7.535,0,60.0,1,1
3092,2025-02-28 08:36:56.070000+00:00,FW62-BA-F,Faucet,Bathroom,14594,1.0,9.73,1,46.75,1,1
2742,2025-02-28 10:58:58.145000+00:00,FW14-KT1-FK,Faucet,Kitchen ,13556,1.0,9.038,1,103.75,1,1
2736,2025-02-28 17:39:26.670000+00:00,FW43-KT1-FK,Faucet,Kitchen ,12038,0.0,8.025,1,60.25,1,1
2736,2025-02-28 18:20:26.537000+00:00,FW43-KT1-FK,Faucet,Kitchen ,12139,0.0,8.092,1,60.0,1,1
2815,2025-02-28 15:55:03.888000+00:00,FW35-BA1-S,Shower,Shower / bath tub,13078,0.0,8.718,0,60.25,1,1
2815,2025-02-28 15:56:03.888000+00:00,FW35-BA1-S,Shower,Shower / bath tub,15354,0.0,10.236,0,59.75,1,1
2815,2025-02-28 15:57:03.882000+00:00,FW35-BA1-S,Shower,Shower / bath tub,13718,0.0,9.146,0,60.0,1,1
2815,2025-02-28 15:58:03.882000+00:00,FW35-BA1-S,Shower,Shower / bath tub,14927,0.0,9.951,0,60.0,1,1
2109,2025-02-28 19:53:33.256000+00:00,FW63-KT1-W,Laundry,Kitchen - utility room ,12882,1.0,8.588,0,52.75,1,1
2731,2025-02-28 06:44:40.490000+00:00,FW56-KT-FK,Faucet,Kichen,12698,0.0,8.465,1,60.0,1,1
2731,2025-02-28 07:22:40.247000+00:00,FW56-KT-FK,Faucet,Kichen,12925,0.0,8.617,1,60.25,1,1
2731,2025-02-28 07:30:40.199000+00:00,FW56-KT-FK,Faucet,Kichen,11433,1.0,7.622,0,37.0,1,1
2731,2025-02-28 08:05:40.061000+00:00,FW56-KT-FK,Faucet,Kichen,12533,0.0,8.356,1,60.0,1,1
2731,2025-02-28 14:07:38.005000+00:00,FW56-KT-FK,Faucet,Kichen,11781,0.0,7.854,1,60.0,1,1
2731,2025-02-28 17:41:36.829000+00:00,FW56-KT-FK,Faucet,Kichen,12288,0.0,8.192,1,60.0,1,1
2731,2025-02-28 20:27:35.924000+00:00,FW56-KT-FK,Faucet,Kichen,12737,1.0,8.491,1,59.0,1,1
2101,2025-02-28 05:29:23.526000+00:00,FW46-KT1-FK,Faucet,Kitchen,13854,1.0,9.236,1,62.25,1,1
2101,2025-02-28 05:30:23.526000+00:00,FW46-KT1-FK,Faucet,Kitchen,12661,0.0,8.441,1,56.5,1,1
2101,2025-02-28 06:03:23.301000+00:00,FW46-KT1-FK,Faucet,Kitchen,12264,1.0,8.176,1,59.75,1,1
2101,2025-02-28 07:24:22.901000+00:00,FW46-KT1-FK,Faucet,Kitchen,12792,2.0,8.528,1,58.25,1,1
2140,2025-02-28 12:39:06.222000+00:00,FW26-KT1-W,Laundry,Kitchen,18276,3.0,12.184,0,99.75,3,1
2135,2025-02-28 09:12:41.663000+00:00,FW26-BA1-T,WC,Bathroom 1st floor ,13109,0.0,8.739,0,41.5,1,1
3484,2025-02-28 12:58:44.655000+00:00,FW46-KT-W2,Laundry,Kitchen,25797,1.0,17.198,0,125.25,1,1
3484,2025-02-28 13:01:44.671000+00:00,FW46-KT-W2,Laundry,Kitchen,12241,1.0,8.16,0,56.5,1,1
2729,2025-02-28 10:54:25.650000+00:00,FW34-KT1-W,Laundry,Kitchen - utility room ,11711,0.0,7.807,0,59.75,1,1
2732,2025-02-28 12:13:27.935000+00:00,FW56-KT-W,Laundry,Kitchen,11479,0.0,7.652,0,60.0,1,1
2812,2025-02-28 10:08:30.112000+00:00,FW65-KT1-W,Laundry,Washing machine ,16288,1.0,10.859,0,53.75,1,1
2812,2025-02-28 10:19:30.061000+00:00,FW65-KT1-W,Laundry,Washing machine ,12387,1.0,8.258,0,36.0,1,1
2812,2025-02-28 11:26:29.719000+00:00,FW65-KT1-W,Laundry,Washing machine ,13223,1.0,8.815,0,43.25,1,1
2812,2025-02-28 11:27:29.709000+00:00,FW65-KT1-W,Laundry,Washing machine ,13389,0.0,8.926,0,44.25,1,1
2812,2025-02-28 11:38:29.670000+00:00,FW65-KT1-W,Laundry,Washing machine ,13377,1.0,8.918,0,40.0,1,1
3031,2025-02-28 08:35:34.796000+00:00,FW67-KT1-W,Laundry,Kitchen,11996,0.0,7.998,0,60.0,1,1
3031,2025-02-28 08:36:34.796000+00:00,FW67-KT1-W,Laundry,Kitchen,11766,0.0,7.844,0,60.0,1,1
3031,2025-02-28 08:42:34.772000+00:00,FW67-KT1-W,Laundry,Kitchen,12740,0.0,8.494,0,59.75,1,1
3031,2025-02-28 08:43:34.767000+00:00,FW67-KT1-W,Laundry,Kitchen,12785,0.0,8.523,0,60.0,1,1
3120,2025-02-28 11:10:44.703000+00:00,FW72-KT-FK,Faucet,Kitchen,12070,1.0,8.047,1,56.0,1,1
2816,2025-02-28 11:01:28.402000+00:00,FW35-KT1-FK,Faucet,Kitchen sink,14506,0.0,9.671,1,56.25,1,1
2816,2025-02-28 11:12:28.352000+00:00,FW35-KT1-FK,Faucet,Kitchen sink,18422,2.0,12.281,1,82.25,1,1
3041,2025-02-28 11:31:37.945000+00:00,FW16-KT-WM,Laundry,Kichen,13464,1.0,8.976,0,54.25,1,1
2123,2025-02-28 11:55:21.403000+00:00,FW23-BA1-T,WC,Bathroom 1st floor ,12695,1.0,8.463,0,50.25,1,1
2249,2025-02-28 11:12:38.850000+00:00,FW66-KT1-FK,Faucet,Kitchen,15735,1.0,10.49,1,54.25,1,1
2249,2025-02-28 11:13:38.850000+00:00,FW66-KT1-FK,Faucet,Kitchen,11452,0.0,7.634,1,39.75,1,1
2806,2025-02-28 21:05:47.043000+00:00,FW19-KT1-D,Dishwasher,Dishwasher ,16205,3.0,10.803,0,278.5,1,1
